Mode,Port1_Vmag_V,Port1_Imag_A,Port1_Zmag_Ohm,Port2_Vmag_V,Port2_Imag_A,Port2_Zmag_Ohm,Port3_Vmag_V,Port3_Imag_A,Port3_Zmag_Ohm,Port4_Vmag_V,Port4_Imag_A,Port4_Zmag_Ohm,Port5_Vmag_V,Port5_Imag_A,Port5_Zmag_Ohm,Port6_Vmag_V,Port6_Imag_A,Port6_Zmag_Ohm,Port7_Vmag_V,Port7_Imag_A,Port7_Zmag_Ohm,Port8_Vmag_V,Port8_Imag_A,Port8_Zmag_Ohm
1,8.173496961389601e-05,8.814582089668709e-08,927.2699350057102,0.00014096275638275207,1.5201911661447574e-07,927.2699350058527,0.0012408925983444234,1.3382215377625448e-06,927.2699350057901,0.0011387838173433811,1.228103893324824e-06,927.269935005557,9.45197642558688e-05,1.0193338604828407e-07,927.2699350053616,0.00010405013411630352,1.1221126684725053e-07,927.2699350052211,0.02771650354603641,2.9890436969544777e-05,927.2699350055211,0.004663007653612246,5.028748887004137e-06,927.2699350056869
2,0.0013418401539583515,1.406768799432483e-06,953.8455462615286,0.0012074095967664366,1.2658334480875616e-06,953.8455462609298,0.0002028044585329262,2.1261771292836536e-07,953.8455462610239,0.00013451161250941726,1.4102032874892512e-07,953.8455462609502,0.0013602208101681668,1.4260388545086574e-06,953.845546260962,0.0031874877204104194,3.3417231258300004e-06,953.8455462610258,0.0020869784357727987,2.1879626570085402e-06,953.8455462609171,0.0003567356451207904,3.739972855344808e-07,953.8455462610598
3,0.0006117756899251377,6.384398690624118e-07,958.2354103661601,0.00048162824918706297,5.026199658004644e-07,958.235410366219,3.300429363144804e-05,3.444278230005955e-08,958.2354103661066,3.9320199588853795e-05,4.103396635470366e-08,958.2354103662364,0.005125038080841445,5.348412326866023e-06,958.2354103660764,0.006698734482341645,6.990698120602058e-06,958.2354103662442,0.0016310114289269772,1.7020988906098662e-06,958.2354103659522,0.0002442952964386397,2.549428812542398e-07,958.235410366364
4,2.5069402345565643e-06,2.50969854725266e-09,998.9009386409714,2.1660471223327744e-06,2.1684303603512644e-09,998.9009386411174,9.393148624609444e-06,9.403483630107148e-09,998.9009386410145,7.829855250607755e-06,7.838470210328906e-09,998.9009386410885,1.8801917358629027e-05,1.882260455597162e-08,998.9009386410326,1.4944590175385487e-05,1.496103326894819e-08,998.9009386405932,29.85570489062,0.02988855424566,998.9009386412603,1.036418755377536,0.0010375590964885387,998.9009386406402
5,0.0009811105864192939,9.662808605161541e-07,1015.3472209883348,0.0010701563212743772,1.0539806473612002e-06,1015.3472209889956,0.0003641198552896415,3.586160948322419e-07,1015.3472209884341,0.0002635923597242704,2.5960809689094886e-07,1015.3472209882389,0.006268795450133451,6.17404107732841e-06,1015.3472209883713,0.00862243793560492,8.492107682346334e-06,1015.3472209884386,0.017636615812531183,1.7370034061211914e-05,1015.3472209887346,9.165136270623037e-05,9.026602999613082e-08,1015.3472209884376
6,0.00043793746122753756,4.1802837193308124e-07,1047.6261675789876,0.0004986182019845027,4.7595050354350393e-07,1047.6261675788455,0.0009307545410492891,8.884414783188896e-07,1047.6261675788307,0.0009601476242928136,9.164983216406052e-07,1047.6261675788699,0.0009429348361629016,9.000680446365608e-07,1047.6261675789744,0.0012251885113847539,1.1694901762680562e-06,1047.6261675787955,0.09911355262809597,9.460774815996527e-05,1047.6261675789194,0.011196783107146226,1.0687765782924666e-05,1047.626167578896
7,7.596857999312627e-05,5.911376840809726e-08,1285.1249723866408,8.462836365922451e-05,6.5852244316798e-08,1285.1249723866583,33.97811311836569,0.026439540004634426,1285.1249723864287,3.260732364029804,0.002537288150251973,1285.1249723867536,7.27877118335274e-06,5.663862534578723e-09,1285.1249723867343,2.4225344024234477e-05,1.88505744925745e-08,1285.1249723862354,1.2930645542334695e-05,1.006178062069624e-08,1285.1249723868398,4.721336222367182e-05,3.6738343148045426e-08,1285.1249723868862
8,9.297876870433229e-06,6.893044689887106e-09,1348.8780776475003,0.0005087669058996297,3.77177829731623e-07,1348.8780776474523,6.977735241470235e-05,5.1729918048926186e-08,1348.878077647579,3.6489105216449833e-05,2.7051448030115058e-08,1348.8780776477581,8.167970869675627e-06,6.055381138613321e-09,1348.8780776474935,3.2342852626168646e-05,2.3977595278718836e-08,1348.8780776475255,1.2124666501600696,0.0008988704540850583,1348.878077647145,34.90729245173013,0.02587876030471906,1348.8780776475098
9,2.75848330288905,0.002028493186832772,1359.8681626316243,34.95317692043184,0.025703357046601347,1359.8681626318362,4.615808779615522e-05,3.394306085291807e-08,1359.8681626317455,0.00019720071577386064,1.4501458390808044e-07,1359.8681626315538,1.9090859436213198e-05,1.4038757550782909e-08,1359.8681626315674,5.11641626554317e-05,3.7624355111323255e-08,1359.8681626315388,8.058870770201738e-06,5.926214754969674e-09,1359.8681626317434,0.0001722279071019594,1.2665044438475334e-07,1359.8681626315151
10,4.8826679802677105e-05,3.5245363806216695e-08,1385.3362408494957,0.00045996098498922265,3.320211883774937e-07,1385.3362408493851,3.3775150917578602,0.002438047162966514,1385.336240849517,35.19754837968019,0.025407224139385103,1385.336240849648,2.200342774040742e-05,1.588309544757901e-08,1385.3362408497837,0.00020334920885221292,1.4678689754596202e-07,1385.3362408490177,3.6675074050851833e-06,2.647377074923665e-09,1385.336240849231,0.00030921922103409224,2.2320878636980314e-07,1385.3362408493658
11,0.0002079378763493477,1.4552035560334463e-07,1428.9263896257855,0.00012047325432016859,8.431032920578282e-08,1428.926389625642,1.4571017050553301e-05,1.0197178214591123e-08,1428.9263896264617,0.00014169666398087762,9.916302547812412e-08,1428.9263896263094,5.823865315271371,0.004075693022084259,1428.9263896261546,35.38021976608411,0.024760001650849874,1428.9263896260566,2.497323956780007e-05,1.7476925158008726e-08,1428.9263896261632,6.38070130544752e-05,4.4653813882713264e-08,1428.9263896264117
12,35.90235769471989,0.024876577608097642,1443.2193310639811,2.8338523539832305,0.0019635631902841597,1443.2193310637106,7.98150911198221e-05,5.530350751398737e-08,1443.2193310638618,5.814437763827615e-05,4.0287970363730824e-08,1443.2193310641562,0.00018768716169372386,1.3004756633580636e-07,1443.2193310644632,0.000640153655243111,4.4355950718256863e-07,1443.2193310640155,5.652443462516356e-06,3.916551934174449e-09,1443.2193310639216,9.173872380788533e-05,6.356533746000842e-08,1443.2193310639143
13,0.0001392192743739215,9.184466085061331e-08,1515.8123845692423,1.0422394131707054e-05,6.875781091253648e-09,1515.8123845689158,2.6124836808398852e-05,1.723487489240107e-08,1515.812384569,1.7655613524008178e-05,1.1647624537010486e-08,1515.8123845688212,36.2944149787138,0.02394387019673549,1515.8123845685643,5.975519034408649,0.0039421231118307466,1515.8123845689793,1.6165414220437073e-05,1.0664521800324379e-08,1515.8123845689336,1.1569064882934809e-05,7.63225383346202e-09,1515.8123845688497
14,0.0002170359481711729,1.1669987723341348e-07,1859.778718850539,0.00010157711339132662,5.461784908156147e-08,1859.7787188514203,0.014634578332794052,7.868989027807818e-06,1859.778718851642,0.01946349738592275,1.0465490968701496e-05,1859.7787188514176,0.0004760872466570963,2.559913401693433e-07,1859.7787188510174,0.0003068150616759815,1.6497396091590037e-07,1859.778718851202,0.0005202308990646186,2.797273104543688e-07,1859.7787188515601,0.0008417311418325294,4.5259746941955786e-07,1859.7787188514849
15,0.015753225759471207,7.4832986796008275e-06,2105.117867660938,0.014412732362114133,6.846520369960005e-06,2105.117867661924,0.003005268840191182,1.427601221935491e-06,2105.1178676610725,0.0025762103830634844,1.223784388817313e-06,2105.1178676606423,0.0008367603360306659,3.9748859143939476e-07,2105.117867661485,0.000705333912782688,3.3505673179536313e-07,2105.1178676615064,0.00032267309894706825,1.5328030031190573e-07,2105.1178676612058,0.0004536926169700634,2.1551886663432665e-07,2105.1178676614372
16,0.0005057705417453215,1.8413432858344646e-07,2746.7476903206298,0.0007100897848842098,2.5852020824002116e-07,2746.74769031956,0.0007026476038912029,2.558107562509001e-07,2746.7476903201195,0.0005745994596429769,2.0919266144025578e-07,2746.7476903202896,0.006747896687359286,2.4566860331369137e-06,2746.74769031962,0.004016257735837643,1.462186625291654e-06,2746.747690320682,0.0037962765319166144,1.3820987436507848e-06,2746.747690319745,0.009144419189993714,3.329180624132022e-06,2746.7476903202964
17,0.006288320304597924,2.2183273982584705e-06,2834.7124547686963,0.010131499876869225,3.5740838051594843e-06,2834.7124547677286,0.006207205129128962,2.1897124410929103e-06,2834.7124547691183,0.004155728539025092,1.4660141391185592e-06,2834.7124547678122,0.0004337701740946512,1.5302087284542887e-07,2834.712454769591,0.0003508127104813796,1.2375601267469902e-07,2834.7124547678695,0.00035682309942580514,1.258762943752695e-07,2834.7124547694743,0.00033606337666461226,1.1855289805470209e-07,2834.7124547689045
18,0.0014272057395587473,4.108466548640236e-07,3473.8161371451456,0.001689360691514293,4.863126385562444e-07,3473.816137145098,0.010754531558923931,3.0958839311992104e-06,3473.816137143777,0.009048954175705852,2.6049030283862803e-06,3473.8161371448896,0.001559375227583266,4.4889400187551496e-07,3473.8161371461233,0.0011630103177003163,3.347932854776782e-07,3473.8161371454926,0.0083613023859964,2.406950182708612e-06,3473.8161371446336,0.009559911831245944,2.751991312672983e-06,3473.8161371448855
19,0.00018207467011915936,5.005139670641635e-08,3637.7540308644025,0.0001694040631052631,4.656831156479043e-08,3637.754030862198,0.0006794323276923938,1.8677247607393235e-07,3637.754030863981,0.0005788211826970038,1.5911498627619945e-07,3637.7540308633033,0.00010284563525632296,2.8271739755841343e-08,3637.754030863049,5.66872076276929e-05,1.5583023796210245e-08,3637.7540308626812,0.0023717860725843793,6.519918753334661e-07,3637.754030863209,0.0019090856287539606,5.247978869809073e-07,3637.7540308644857
20,0.006437558139802267,1.38065751824811e-06,4662.675612682545,0.0037920445246012904,8.13276504650629e-07,4662.675612681439,0.00036275563395362753,7.779988660738862e-08,4662.6756126811215,0.00010192794369511663,2.1860397797760693e-08,4662.675612680652,0.00016515731087913388,3.542114541057969e-08,4662.675612680899,0.0001253766348115849,2.6889418271046415e-08,4662.675612680921,3.1627691929959334e-05,6.783163693383703e-09,4662.675612680405,0.0003046770704826356,6.534382740544409e-08,4662.675612681537
21,0.0009570878924525198,2.0017721740645657e-07,4781.202900373864,0.0006943827956688869,1.452318193010452e-07,4781.202900374943,0.00020062549737035284,4.196130169558024e-08,4781.2029003734315,0.00020338879805766917,4.2539252630709834e-08,4781.20290037346,0.000934649801313351,1.9548423708195443e-07,4781.2029003725265,0.0007118653168614659,1.4888833034165424e-07,4781.202900374715,0.0002953836818022696,6.178020217029761e-08,4781.2029003732005,0.0006825381664753148,1.4275448683050948e-07,4781.202900373166
22,0.008496096177907255,1.5342651919024222e-06,5537.56692307701,0.010127866830055015,1.8289380463921404e-06,5537.566923075267,0.00459400069455158,8.296063520980302e-07,5537.566923075742,0.003961269750386152,7.153448085437696e-07,5537.566923076056,0.009196565595281174,1.66075926901333e-06,5537.566923076651,0.007257129458555593,1.3105267275985246e-06,5537.5669230752155,0.00348798040239737,6.298759817895454e-07,5537.566923075306,0.0035994792160126033,6.500109643845857e-07,5537.566923075677
23,0.0007619875416391133,1.3022388746854583e-07,5851.365340503778,0.0007999199812135999,1.3670655217452878e-07,5851.365340502248,0.0020557698793898776,3.513316567604661e-07,5851.36534050354,0.003628921506340408,6.201837169902408e-07,5851.365340502019,0.0007242789312070794,1.2377947522673774e-07,5851.365340500548,0.0005186805752817602,8.864265775571642e-08,5851.365340501778,0.0004283050262003476,7.319745072756203e-08,5851.3653405018395,0.0003356500444181441,5.736268800288824e-08,5851.365340502243
24,0.00010634806144841636,1.052105009637109e-08,10108.122333254341,1.6028984273016755e-05,1.5857528969839836e-09,10108.12233324815,0.00029053948491668784,2.8743170624367797e-08,10108.122333253492,0.00044029766163393555,4.355879827309563e-08,10108.122333252893,1.483258904790368e-05,1.4673931081260908e-09,10108.122333248099,9.96230966571759e-05,9.855747029243693e-09,10108.122333251562,0.0007982996834980894,7.897606075383874e-08,10108.122333251307,0.0007273407899913649,7.195607314710493e-08,10108.122333251988
25,1.3425703860235261e-05,1.2057435091066196e-09,11134.792564782592,1.1754650259111125e-05,1.0556685444045877e-09,11134.792564782649,2.47108788247323e-05,2.2192491401129338e-09,11134.792564783782,6.769696888347898e-07,6.079769199974538e-11,11134.792564783955,6.686321965018437e-06,6.004891358429827e-10,11134.792564784706,1.3799996347390806e-05,1.2393581889470985e-09,11134.792564782781,0.32976295790503796,2.961554568587701e-05,11134.792564781088,0.0001352588049645802,1.2147402313748316e-08,11134.792564785275
26,4.499712922938023e-06,3.7018387873915173e-10,12155.34544147106,1.3388168433158904e-06,1.1014222917495403e-10,12155.34544147698,6.036566510844492e-06,4.966182606582859e-10,12155.345441472085,1.4997275496890449e-06,1.2338008466398505e-10,12155.345441473984,2.6134052596704083e-06,2.1500049276707155e-10,12155.345441471774,4.425468832133745e-06,3.6407594119327546e-10,12155.345441473197,0.08048452531672953,6.621327687004728e-06,12155.345441472646,0.003964706453888334,3.26169788672568e-07,12155.345441476136
27,0.00023514359131594914,1.7227060245218628e-08,13649.664421485568,0.0002618338306876731,1.918243720888706e-08,13649.664421493204,0.000383160401861257,2.8071049223600253e-08,13649.664421489506,6.432797928013707e-05,4.712788336308874e-09,13649.664421491863,0.002820626989083976,2.0664442011064754e-07,13649.664421491148,0.004259286333187654,3.120433002354141e-07,13649.664421489999,0.00016223203396791084,1.188542289086719e-08,13649.664421496575,8.642383672517944e-05,6.331572268480189e-09,13649.664421492003
28,1.4616085662189629e-05,9.181034917816931e-10,15919.867196916235,1.748647663417089e-05,1.0984059362979952e-09,15919.867196918396,0.9816690098241824,6.16631406331256e-05,15919.867196917105,0.00013446629839312647,8.446445986635145e-09,15919.867196912546,9.749946910334856e-06,6.124389600576044e-10,15919.867196916737,1.9198902283486307e-05,1.2059712588058897e-09,15919.867196915111,1.4023562281869357e-06,8.808843760068141e-11,15919.867196919016,2.565098415407891e-05,1.6112561641878801e-09,15919.867196913254
29,1.4256447131514503e-05,8.867512766660209e-10,16077.165611889995,0.00024639221356472727,1.5325600265161258e-08,16077.165611896815,0.0010459852200683515,6.506030013739517e-08,16077.165611892762,7.4788585453914406e-06,4.6518514058595074e-10,16077.165611891673,0.002669187155943092,1.660234907308207e-07,16077.165611887613,0.2921836970621747,1.8173831390154275e-05,16077.165611895465,7.242654529471308e-06,4.504932464036857e-10,16077.16561189285,3.865443382865607e-06,2.404306502885971e-10,16077.165611895922
30,0.0005076166214745896,3.140502149173525e-08,16163.549565096693,0.1961413846425052,1.2134796497059427e-05,16163.549565090381,0.00010567164113614533,6.537650700458378e-09,16163.549565096268,3.744122319238328e-05,2.3163985757949863e-09,16163.549565097397,3.8318725004008985e-06,2.3706875058404494e-10,16163.549565097293,5.9162591055448095e-05,3.6602474485678907e-09,16163.549565097317,2.5501128350710707e-06,1.577693578257675e-10,16163.549565101775,3.3532391340887223e-05,2.0745685349516364e-09,16163.549565099787
31,5.107245923834494e-05,2.977409333639988e-09,17153.321399683748,9.817126980947215e-05,5.72316390056549e-09,17153.321399684555,7.244580681704311e-05,4.223427354330313e-09,17153.321399683566,0.0012163634408364219,7.09112487602006e-08,17153.32139968058,1.0273804298681558e-05,5.989396490216691e-10,17153.321399682227,3.35624380608318e-05,1.9566145400535412e-09,17153.321399683246,0.0008834145763559237,5.1501079923348393e-08,17153.32139968236,0.5479513689219506,3.194433055583154e-05,17153.321399684814
32,0.00018491853814441025,1.075551555080559e-08,17192.903238428196,0.00014461795865032884,8.41149145346829e-09,17192.90323842615,5.33429522563737e-05,3.1026145797855634e-09,17192.903238423023,0.6472225468134697,3.764475015290703e-05,17192.90323842113,5.036322915634203e-06,2.9293033560370447e-10,17192.903238426195,2.0154825849538532e-05,1.1722758844183992e-09,17192.903238419804,5.448208886331209e-06,3.168870789753777e-10,17192.90323842626,0.001707615867745294,9.932097238405564e-08,17192.903238424435
33,9.179202518030063e-05,5.332730046816726e-09,17212.951785379457,7.72253183797508e-05,4.486465734793495e-09,17212.95178537798,0.07953905491518393,4.62088408234268e-06,17212.95178537772,0.010062075865855185,5.845642276418952e-07,17212.951785375455,2.232618948027946e-06,1.297057573777108e-10,17212.951785373938,1.3099876824062138e-05,7.610476684884158e-10,17212.95178537366,3.8853541947695605e-06,2.2572271410586643e-10,17212.951785380745,0.0006466649495464748,3.7568509899373306e-08,17212.951785379755
34,0.0005003445531700436,2.874039462382545e-08,17409.105188669324,0.15035550020996388,8.63660128309381e-06,17409.10518866785,4.45049849873211e-05,2.5564200172843113e-09,17409.105188668807,0.00023690687463956924,1.3608216624121036e-08,17409.10518867282,9.121339626051757e-06,5.239407498087898e-10,17409.105188669815,1.710505462535528e-05,9.825349689128424e-10,17409.105188675087,3.8419066345560675e-06,2.2068375099807927e-10,17409.10518867112,2.8381499707356523e-05,1.6302675754880426e-09,17409.105188674403
35,0.3876306536456616,2.213232675908623e-05,17514.22965443628,0.0004598952074221745,2.625837484697766e-08,17514.229654433788,6.699508850604881e-05,3.825180429163918e-09,17514.229654440674,9.524213721263998e-05,5.437986088557254e-09,17514.229654439692,9.329199809675622e-06,5.326640105642064e-10,17514.22965443823,1.880700310968769e-05,1.0738127500184094e-09,17514.229654439532,2.843017416735973e-06,1.6232614695760503e-10,17514.229654440627,0.00017082419934287126,9.75345206231263e-09,17514.22965443553
36,1.2698366620078743e-05,7.005407674835214e-10,18126.52055310606,2.7098988849781264e-06,1.4949912075180606e-10,18126.520553100905,5.662017809636636e-05,3.1236098472664664e-09,18126.52055310807,7.993612152377504e-06,4.4098988159137667e-10,18126.52055310517,0.00011379329431213205,6.277724066169707e-09,18126.520553102604,0.16805999719124645,9.271497897178857e-06,18126.520553101127,9.755071421297236e-07,5.381656889262325e-11,18126.520553104947,4.8821972253764e-05,2.6934000990828327e-09,18126.520553106482
37,4.318933160823434e-05,2.334361540608696e-09,18501.56064384633,1.8660275590644446e-05,1.0085784626420182e-09,18501.56064384221,4.059103714360602e-05,2.193925038270856e-09,18501.560643839442,4.481778272829604e-06,2.4223785004439253e-10,18501.560643839406,1.7399547486920176e-05,9.404367459512533e-10,18501.560643847988,8.47087664476483e-06,4.5784660050196523e-10,18501.56064384379,0.0006388707059315982,3.4530638697450857e-08,18501.560643845296,0.2356485880210916,1.273668705885295e-05,18501.560643848763
