cell,layer,datatype,area_mm2,xmin_mm,ymin_mm,xmax_mm,ymax_mm,cx_mm,cy_mm,Qubit,distance_mm
TOP_main_1,1,11,0.009320342539000166,-3.3779779999999997,0.393966,-3.210582,1.222883,-3.2942799999999997,0.8084245,Q1,0.8603202256138408
TOP_main_1,1,11,0.006532835081999908,-2.9042749999999997,0.393966,-2.743559,0.9580489999999999,-2.823917,0.6760075,Q1,0.6985637858816116
ground_main_1,1,0,0.5019885695899997,-3.88964,-0.550202,-1.508405,-0.330802,-2.6990225,-0.44050199999999995,Q1,0.5335067642591329
ground_main_1,1,0,0.07866320219999995,-3.88964,-0.330802,-1.672199,-0.295192,-2.7809195,-0.31299699999999997,Q1,0.3820515508269139
ground_main_1,1,0,0.05606639189000001,-3.88964,-0.295192,-1.689041,-0.269652,-2.7893405,-0.282422,Q1,0.3523345158003259
ground_main_1,1,0,0.04192431862549999,-3.88964,-0.269652,-1.6991209999999999,-0.250483,-2.7943805,-0.2600675,Q1,0.3315335327481973
ground_main_1,1,0,0.19307242206350006,-3.88964,-0.250483,-1.7059799999999998,-0.161495,-2.79781,-0.205989,Q1,0.28863863951487845
ground_main_1,1,0,0.324204993193,-3.933652,-0.161495,-1.731787,-0.011,-2.8327195,-0.0862475,Q1,0.18820573034979562
ground_main_1,1,0,0.607632570451,-5.0,-0.011,-1.725499,0.186599,-3.3627495,0.08779949999999999,Q1,0.3732237290828385
ground_main_1,1,0,0.07551755125400003,-5.0,0.186599,-1.719727,0.209641,-3.3598635,0.19812,Q1,0.4107959019175458
ground_main_1,1,0,0.073348148187,-5.0,0.209641,-1.7126009999999998,0.231979,-3.3563004999999997,0.22081,Q1,0.4191743102818323
ground_main_1,1,0,0.06288423160749995,-5.0,0.231979,-1.7057639999999998,0.251088,-3.352882,0.24153349999999998,Q1,0.42762616564734446
ground_main_1,1,0,0.07595784032400008,-5.0,0.251088,-1.697524,0.274117,-3.348762,0.26260249999999996,Q1,0.43657187913360823
ground_main_1,1,0,0.3789641550074999,-5.0,0.274117,-1.640811,0.387966,-3.3204055,0.3310415,Q1,0.46070398213223646
ground_main_1,1,0,0.006789210567000001,-2.8650439999999997,0.387966,-2.467044,0.410006,-2.666044,0.39898599999999995,Q1,0.5203041784687108
ground_main_1,1,0,0.006789210567000001,-3.265044,0.387966,-2.867044,0.410006,-3.0660439999999998,0.39898599999999995,Q1,0.40441518039262564
ground_main_1,1,0,0.03720300400000001,-5.0,0.387966,-3.267044,0.410006,-4.133522,0.39898599999999995,Q1,1.2016912884264412
TOP_main_1_Cheese_diff,1,101,0.0006249999999999984,-3.0124999999999997,0.38749999999999996,-2.9875,0.4125,-3.0,0.39999999999999997,Q1,0.39999999999999997
TOP_main_1_Cheese_diff,1,101,0.0006249999999999984,-2.6125,0.38749999999999996,-2.5875,0.4125,-2.5999999999999996,0.39999999999999997,Q1,0.5656854249492382
TOP_main_1_Cheese_diff,1,101,0.0006249999999999984,-3.1125,0.38749999999999996,-3.0875,0.4125,-3.0999999999999996,0.39999999999999997,Q1,0.41231056256176596
TOP_main_1_Cheese_diff,1,101,0.0006249999999999984,-2.7125,0.38749999999999996,-2.6875,0.4125,-2.7,0.39999999999999997,Q1,0.4999999999999999
TOP_main_1_Cheese_diff,1,101,0.0006249999999999984,-3.4124999999999996,0.38749999999999996,-3.3874999999999997,0.4125,-3.3999999999999995,0.39999999999999997,Q1,0.5656854249492377
TOP_main_1_Cheese_diff,1,101,1.1650000000000715e-05,-2.9125,0.38749999999999996,-2.8874999999999997,0.387966,-2.9,0.387733,Q1,0.4004208776887139
TOP_main_1_Cheese_diff,1,101,1.1650000000000507e-05,-2.8125,0.38749999999999996,-2.7875,0.387966,-2.8,0.387733,Q1,0.436276150263798
TOP_main_1_Cheese_diff,1,101,1.1650000000000715e-05,-3.3125,0.38749999999999996,-3.2874999999999996,0.387966,-3.3,0.387733,Q1,0.49024165397179365
TOP_main_1_Cheese_diff,1,101,1.1650000000000507e-05,-3.2125,0.38749999999999996,-3.1875,0.387966,-3.2,0.387733,Q1,0.436276150263798
TOP_main_1_Cheese_diff,1,101,0.0006249999999999984,-3.4124999999999996,0.2875,-3.3874999999999997,0.3125,-3.3999999999999995,0.3,Q1,0.49999999999999956
TOP_main_1_Cheese_diff,1,101,0.0006250000000000094,-3.3125,0.2875,-3.2874999999999996,0.3125,-3.3,0.3,Q1,0.4242640687119284
TOP_main_1_Cheese_diff,1,101,0.0006250000000000094,-2.9125,0.2875,-2.8874999999999997,0.3125,-2.9,0.3,Q1,0.31622776601683794
TOP_main_1_Cheese_diff,1,101,0.0006249999999999984,-2.6125,0.2875,-2.5875,0.3125,-2.5999999999999996,0.3,Q1,0.5000000000000002
TOP_main_1_Cheese_diff,1,101,0.0006249999999999984,-3.1125,0.2875,-3.0875,0.3125,-3.0999999999999996,0.3,Q1,0.31622776601683783
TOP_main_1_Cheese_diff,1,101,0.0006249999999999984,-2.8125,0.2875,-2.7875,0.3125,-2.8,0.3,Q1,0.360555127546399
TOP_main_1_Cheese_diff,1,101,0.0006249999999999984,-2.7125,0.2875,-2.6875,0.3125,-2.7,0.3,Q1,0.4242640687119284
TOP_main_1_Cheese_diff,1,101,0.0006249999999999984,-3.2125,0.2875,-3.1875,0.3125,-3.2,0.3,Q1,0.360555127546399
TOP_main_1_Cheese_diff,1,101,0.0006249999999999984,-3.0124999999999997,0.2875,-2.9875,0.3125,-3.0,0.3,Q1,0.3
TOP_main_1_Cheese_diff,1,101,0.0006249999999999976,-3.1125,0.1875,-3.0875,0.2125,-3.0999999999999996,0.2,Q1,0.22360679774997883
TOP_main_1_Cheese_diff,1,101,0.0006249999999999976,-2.8125,0.1875,-2.7875,0.2125,-2.8,0.2,Q1,0.2828427124746191
TOP_main_1_Cheese_diff,1,101,0.0006249999999999976,-2.7125,0.1875,-2.6875,0.2125,-2.7,0.2,Q1,0.3605551275463988
TOP_main_1_Cheese_diff,1,101,0.0006249999999999976,-3.2125,0.1875,-3.1875,0.2125,-3.2,0.2,Q1,0.2828427124746191
TOP_main_1_Cheese_diff,1,101,0.0006250000000000088,-2.9125,0.1875,-2.8874999999999997,0.2125,-2.9,0.2,Q1,0.22360679774997902
TOP_main_1_Cheese_diff,1,101,0.0006250000000000088,-3.3125,0.1875,-3.2874999999999996,0.2125,-3.3,0.2,Q1,0.3605551275463988
TOP_main_1_Cheese_diff,1,101,0.0006249999999999976,-2.6125,0.1875,-2.5875,0.2125,-2.5999999999999996,0.2,Q1,0.44721359549995826
TOP_main_1_Cheese_diff,1,101,0.0006249999999999976,-3.4124999999999996,0.1875,-3.3874999999999997,0.2125,-3.3999999999999995,0.2,Q1,0.4472135954999575
TOP_main_1_Cheese_diff,1,101,0.0006249999999999976,-3.0124999999999997,0.1875,-2.9875,0.2125,-3.0,0.2,Q1,0.2
TOP_main_1_Cheese_diff,1,101,0.0006249999999999976,-2.7125,0.0875,-2.6875,0.11249999999999999,-2.7,0.09999999999999999,Q1,0.3162277660168378
TOP_main_1_Cheese_diff,1,101,0.0006249999999999976,-3.0124999999999997,0.0875,-2.9875,0.11249999999999999,-3.0,0.09999999999999999,Q1,0.09999999999999999
TOP_main_1_Cheese_diff,1,101,0.0006249999999999976,-3.4124999999999996,0.0875,-3.3874999999999997,0.11249999999999999,-3.3999999999999995,0.09999999999999999,Q1,0.41231056256176557
TOP_main_1_Cheese_diff,1,101,0.0006249999999999976,-3.1125,0.0875,-3.0875,0.11249999999999999,-3.0999999999999996,0.09999999999999999,Q1,0.14142135623730925
TOP_main_1_Cheese_diff,1,101,0.0006250000000000088,-3.3125,0.0875,-3.2874999999999996,0.11249999999999999,-3.3,0.09999999999999999,Q1,0.3162277660168378
TOP_main_1_Cheese_diff,1,101,0.0006249999999999976,-3.2125,0.0875,-3.1875,0.11249999999999999,-3.2,0.09999999999999999,Q1,0.22360679774997913
TOP_main_1_Cheese_diff,1,101,0.0006249999999999976,-2.6125,0.0875,-2.5875,0.11249999999999999,-2.5999999999999996,0.09999999999999999,Q1,0.4123105625617664
TOP_main_1_Cheese_diff,1,101,0.0006250000000000088,-2.9125,0.0875,-2.8874999999999997,0.11249999999999999,-2.9,0.09999999999999999,Q1,0.14142135623730956
TOP_main_1_Cheese_diff,1,101,0.0006249999999999976,-2.8125,0.0875,-2.7875,0.11249999999999999,-2.8,0.09999999999999999,Q1,0.22360679774997913
TOP_main_1_Cheese_diff,1,101,0.0006250000000000088,-3.3125,-0.012499999999999999,-3.2874999999999996,0.012499999999999999,-3.3,0.0,Q1,0.2999999999999998
TOP_main_1_Cheese_diff,1,101,0.0006249999999999977,-2.8125,-0.012499999999999999,-2.7875,0.012499999999999999,-2.8,0.0,Q1,0.20000000000000018
TOP_main_1_Cheese_diff,1,101,0.0006249999999999977,-3.0124999999999997,-0.012499999999999999,-2.9875,0.012499999999999999,-3.0,0.0,Q1,0.0
TOP_main_1_Cheese_diff,1,101,0.0006249999999999977,-3.2125,-0.012499999999999999,-3.1875,0.012499999999999999,-3.2,0.0,Q1,0.20000000000000018
TOP_main_1_Cheese_diff,1,101,0.0006249999999999977,-3.4124999999999996,-0.012499999999999999,-3.3874999999999997,0.012499999999999999,-3.3999999999999995,0.0,Q1,0.39999999999999947
TOP_main_1_Cheese_diff,1,101,0.0006250000000000088,-2.9125,-0.012499999999999999,-2.8874999999999997,0.012499999999999999,-2.9,0.0,Q1,0.10000000000000009
TOP_main_1_Cheese_diff,1,101,0.0006249999999999977,-2.7125,-0.012499999999999999,-2.6875,0.012499999999999999,-2.7,0.0,Q1,0.2999999999999998
TOP_main_1_Cheese_diff,1,101,0.0006249999999999977,-3.1125,-0.012499999999999999,-3.0875,0.012499999999999999,-3.0999999999999996,0.0,Q1,0.09999999999999964
TOP_main_1_Cheese_diff,1,101,0.0006249999999999977,-2.6125,-0.012499999999999999,-2.5875,0.012499999999999999,-2.5999999999999996,0.0,Q1,0.40000000000000036
TOP_main_1_Cheese_diff,1,101,0.0006249999999999976,-3.2125,-0.11249999999999999,-3.1875,-0.0875,-3.2,-0.09999999999999999,Q1,0.22360679774997913
TOP_main_1_Cheese_diff,1,101,0.0006249999999999976,-3.4124999999999996,-0.11249999999999999,-3.3874999999999997,-0.0875,-3.3999999999999995,-0.09999999999999999,Q1,0.41231056256176557
TOP_main_1_Cheese_diff,1,101,0.0006250000000000088,-2.9125,-0.11249999999999999,-2.8874999999999997,-0.0875,-2.9,-0.09999999999999999,Q1,0.14142135623730956
TOP_main_1_Cheese_diff,1,101,0.0006250000000000088,-3.3125,-0.11249999999999999,-3.2874999999999996,-0.0875,-3.3,-0.09999999999999999,Q1,0.3162277660168378
TOP_main_1_Cheese_diff,1,101,0.0006249999999999976,-3.0124999999999997,-0.11249999999999999,-2.9875,-0.0875,-3.0,-0.09999999999999999,Q1,0.09999999999999999
TOP_main_1_Cheese_diff,1,101,0.0006249999999999976,-2.8125,-0.11249999999999999,-2.7875,-0.0875,-2.8,-0.09999999999999999,Q1,0.22360679774997913
TOP_main_1_Cheese_diff,1,101,0.0006249999999999976,-3.1125,-0.11249999999999999,-3.0875,-0.0875,-3.0999999999999996,-0.09999999999999999,Q1,0.14142135623730925
TOP_main_1_Cheese_diff,1,101,0.0006249999999999976,-2.6125,-0.11249999999999999,-2.5875,-0.0875,-2.5999999999999996,-0.09999999999999999,Q1,0.4123105625617664
TOP_main_1_Cheese_diff,1,101,0.0006249999999999976,-2.7125,-0.11249999999999999,-2.6875,-0.0875,-2.7,-0.09999999999999999,Q1,0.3162277660168378
TOP_main_1_Cheese_diff,1,101,0.0006249999999999976,-2.8125,-0.2125,-2.7875,-0.1875,-2.8,-0.2,Q1,0.2828427124746191
TOP_main_1_Cheese_diff,1,101,0.0006250000000000088,-2.9125,-0.2125,-2.8874999999999997,-0.1875,-2.9,-0.2,Q1,0.22360679774997902
TOP_main_1_Cheese_diff,1,101,0.0006249999999999976,-3.0124999999999997,-0.2125,-2.9875,-0.1875,-3.0,-0.2,Q1,0.2
TOP_main_1_Cheese_diff,1,101,0.0006249999999999976,-3.4124999999999996,-0.2125,-3.3874999999999997,-0.1875,-3.3999999999999995,-0.2,Q1,0.4472135954999575
TOP_main_1_Cheese_diff,1,101,0.0006249999999999976,-2.6125,-0.2125,-2.5875,-0.1875,-2.5999999999999996,-0.2,Q1,0.44721359549995826
TOP_main_1_Cheese_diff,1,101,0.0006249999999999976,-3.2125,-0.2125,-3.1875,-0.1875,-3.2,-0.2,Q1,0.2828427124746191
TOP_main_1_Cheese_diff,1,101,0.0006249999999999976,-2.7125,-0.2125,-2.6875,-0.1875,-2.7,-0.2,Q1,0.3605551275463988
TOP_main_1_Cheese_diff,1,101,0.0006249999999999976,-3.1125,-0.2125,-3.0875,-0.1875,-3.0999999999999996,-0.2,Q1,0.22360679774997883
TOP_main_1_Cheese_diff,1,101,0.0006250000000000088,-3.3125,-0.2125,-3.2874999999999996,-0.1875,-3.3,-0.2,Q1,0.3605551275463988
TOP_main_1_Cheese_diff,1,101,0.0006249999999999984,-2.7125,-0.3125,-2.6875,-0.2875,-2.7,-0.3,Q1,0.4242640687119284
TOP_main_1_Cheese_diff,1,101,0.0006249999999999984,-2.6125,-0.3125,-2.5875,-0.2875,-2.5999999999999996,-0.3,Q1,0.5000000000000002
TOP_main_1_Cheese_diff,1,101,0.0006250000000000094,-3.3125,-0.3125,-3.2874999999999996,-0.2875,-3.3,-0.3,Q1,0.4242640687119284
TOP_main_1_Cheese_diff,1,101,0.0006249999999999984,-3.4124999999999996,-0.3125,-3.3874999999999997,-0.2875,-3.3999999999999995,-0.3,Q1,0.49999999999999956
TOP_main_1_Cheese_diff,1,101,0.0006249999999999984,-3.0124999999999997,-0.3125,-2.9875,-0.2875,-3.0,-0.3,Q1,0.3
TOP_main_1_Cheese_diff,1,101,0.0006249999999999984,-2.8125,-0.3125,-2.7875,-0.2875,-2.8,-0.3,Q1,0.360555127546399
TOP_main_1_Cheese_diff,1,101,0.0006250000000000094,-2.9125,-0.3125,-2.8874999999999997,-0.2875,-2.9,-0.3,Q1,0.31622776601683794
TOP_main_1_Cheese_diff,1,101,0.0006249999999999984,-3.1125,-0.3125,-3.0875,-0.2875,-3.0999999999999996,-0.3,Q1,0.31622776601683783
TOP_main_1_Cheese_diff,1,101,0.0006249999999999984,-3.2125,-0.3125,-3.1875,-0.2875,-3.2,-0.3,Q1,0.360555127546399
TOP_main_1_Cheese_diff,1,101,0.0006250000000000094,-3.3125,-0.4125,-3.2874999999999996,-0.38749999999999996,-3.3,-0.39999999999999997,Q1,0.4999999999999999
TOP_main_1_Cheese_diff,1,101,0.0006249999999999984,-3.0124999999999997,-0.4125,-2.9875,-0.38749999999999996,-3.0,-0.39999999999999997,Q1,0.39999999999999997
TOP_main_1_Cheese_diff,1,101,0.0006249999999999984,-3.2125,-0.4125,-3.1875,-0.38749999999999996,-3.2,-0.39999999999999997,Q1,0.447213595499958
TOP_main_1_Cheese_diff,1,101,0.0006249999999999984,-3.4124999999999996,-0.4125,-3.3874999999999997,-0.38749999999999996,-3.3999999999999995,-0.39999999999999997,Q1,0.5656854249492377
TOP_main_1_Cheese_diff,1,101,0.0006249999999999984,-3.1125,-0.4125,-3.0875,-0.38749999999999996,-3.0999999999999996,-0.39999999999999997,Q1,0.41231056256176596
TOP_main_1_Cheese_diff,1,101,0.0006249999999999984,-2.8125,-0.4125,-2.7875,-0.38749999999999996,-2.8,-0.39999999999999997,Q1,0.447213595499958
TOP_main_1_Cheese_diff,1,101,0.0006249999999999984,-2.7125,-0.4125,-2.6875,-0.38749999999999996,-2.7,-0.39999999999999997,Q1,0.4999999999999999
TOP_main_1_Cheese_diff,1,101,0.0006249999999999984,-2.6125,-0.4125,-2.5875,-0.38749999999999996,-2.5999999999999996,-0.39999999999999997,Q1,0.5656854249492382
TOP_main_1_Cheese_diff,1,101,0.0006250000000000094,-2.9125,-0.4125,-2.8874999999999997,-0.38749999999999996,-2.9,-0.39999999999999997,Q1,0.412310562561766
TOP_main_1_Cheese_100,1,100,0.001875000000000006,-2.6875,-0.4125,-2.6125,-0.38749999999999996,-2.65,-0.39999999999999997,Q1,0.5315072906367325
TOP_main_1_Cheese_100,1,100,0.001875000000000006,-2.7875,-0.4125,-2.7125,-0.38749999999999996,-2.75,-0.39999999999999997,Q1,0.4716990566028302
TOP_main_1_Cheese_100,1,100,0.001874999999999995,-2.8874999999999997,-0.4125,-2.8125,-0.38749999999999996,-2.8499999999999996,-0.39999999999999997,Q1,0.42720018726587666
TOP_main_1_Cheese_100,1,100,0.001874999999999995,-2.9875,-0.4125,-2.9125,-0.38749999999999996,-2.95,-0.39999999999999997,Q1,0.4031128874149274
TOP_main_1_Cheese_100,1,100,0.001875000000000006,-3.0875,-0.4125,-3.0124999999999997,-0.38749999999999996,-3.05,-0.39999999999999997,Q1,0.4031128874149274
TOP_main_1_Cheese_100,1,100,0.001875000000000006,-3.1875,-0.4125,-3.1125,-0.38749999999999996,-3.15,-0.39999999999999997,Q1,0.4272001872658765
TOP_main_1_Cheese_100,1,100,0.001874999999999995,-3.2874999999999996,-0.4125,-3.2125,-0.38749999999999996,-3.25,-0.39999999999999997,Q1,0.4716990566028302
TOP_main_1_Cheese_100,1,100,0.001874999999999995,-3.3874999999999997,-0.4125,-3.3125,-0.38749999999999996,-3.3499999999999996,-0.39999999999999997,Q1,0.5315072906367322
TOP_main_1_Cheese_100,1,100,0.10035658644299991,-3.88964,-0.38749999999999996,-1.6410909999999999,-0.342603,-2.7653654999999997,-0.3650515,Q1,0.4339538526646585
TOP_main_1_Cheese_100,1,100,0.06670535811199996,-3.88964,-0.342603,-1.666617,-0.3125,-2.7781285000000002,-0.3275515,Q1,0.39562222847623196
TOP_main_1_Cheese_100,1,100,0.001875000000000006,-2.6875,-0.3125,-2.6125,-0.2875,-2.65,-0.3,Q1,0.46097722286464443
TOP_main_1_Cheese_100,1,100,0.001875000000000006,-2.7875,-0.3125,-2.7125,-0.2875,-2.75,-0.3,Q1,0.3905124837953327
TOP_main_1_Cheese_100,1,100,0.001874999999999995,-2.8874999999999997,-0.3125,-2.8125,-0.2875,-2.8499999999999996,-0.3,Q1,0.3354101966249686
TOP_main_1_Cheese_100,1,100,0.001874999999999995,-2.9875,-0.3125,-2.9125,-0.2875,-2.95,-0.3,Q1,0.30413812651491096
TOP_main_1_Cheese_100,1,100,0.001875000000000006,-3.0875,-0.3125,-3.0124999999999997,-0.2875,-3.05,-0.3,Q1,0.30413812651491096
TOP_main_1_Cheese_100,1,100,0.001875000000000006,-3.1875,-0.3125,-3.1125,-0.2875,-3.15,-0.3,Q1,0.3354101966249684
TOP_main_1_Cheese_100,1,100,0.001874999999999995,-3.2874999999999996,-0.3125,-3.2125,-0.2875,-3.25,-0.3,Q1,0.3905124837953327
TOP_main_1_Cheese_100,1,100,0.001874999999999995,-3.3874999999999997,-0.3125,-3.3125,-0.2875,-3.3499999999999996,-0.3,Q1,0.4609772228646441
TOP_main_1_Cheese_100,1,100,0.024753945163000026,-3.88964,-0.2875,-1.6926789999999998,-0.27622199999999997,-2.7911595,-0.281861,Q1,0.35079905610085377
TOP_main_1_Cheese_100,1,100,0.034464879798,-3.88964,-0.27622199999999997,-1.696771,-0.26048499999999997,-2.7932055,-0.26835349999999997,Q1,0.3387883796597811
TOP_main_1_Cheese_100,1,100,0.07531639845199997,-3.88964,-0.26048499999999997,-1.7024009999999998,-0.225953,-2.7960205,-0.24321899999999996,Q1,0.3174320689238092
TOP_main_1_Cheese_100,1,100,0.02922778109899999,-3.88964,-0.225953,-1.7147569999999999,-0.2125,-2.8021985,-0.2192265,Q1,0.2952722332094572
TOP_main_1_Cheese_100,1,100,0.001875000000000004,-2.6875,-0.2125,-2.6125,-0.1875,-2.65,-0.2,Q1,0.40311288741492757
TOP_main_1_Cheese_100,1,100,0.001875000000000004,-2.7875,-0.2125,-2.7125,-0.1875,-2.75,-0.2,Q1,0.32015621187164245
TOP_main_1_Cheese_100,1,100,0.001874999999999993,-2.8874999999999997,-0.2125,-2.8125,-0.1875,-2.8499999999999996,-0.2,Q1,0.2500000000000002
TOP_main_1_Cheese_100,1,100,0.001874999999999993,-2.9875,-0.2125,-2.9125,-0.1875,-2.95,-0.2,Q1,0.206155281280883
TOP_main_1_Cheese_100,1,100,0.001875000000000004,-3.0875,-0.2125,-3.0124999999999997,-0.1875,-3.05,-0.2,Q1,0.206155281280883
TOP_main_1_Cheese_100,1,100,0.001875000000000004,-3.1875,-0.2125,-3.1125,-0.1875,-3.15,-0.2,Q1,0.24999999999999997
TOP_main_1_Cheese_100,1,100,0.001874999999999993,-3.2874999999999996,-0.2125,-3.2125,-0.1875,-3.25,-0.2,Q1,0.32015621187164245
TOP_main_1_Cheese_100,1,100,0.001874999999999993,-3.3874999999999997,-0.2125,-3.3125,-0.1875,-3.3499999999999996,-0.2,Q1,0.4031128874149272
TOP_main_1_Cheese_100,1,100,0.16168142621200005,-3.88964,-0.1875,-1.7252729999999998,-0.11249999999999999,-2.8074565,-0.15,Q1,0.2440758066508233
TOP_main_1_Cheese_100,1,100,0.001875000000000004,-2.6875,-0.11249999999999999,-2.6125,-0.0875,-2.65,-0.09999999999999999,Q1,0.364005494464026
TOP_main_1_Cheese_100,1,100,0.001875000000000004,-2.7875,-0.11249999999999999,-2.7125,-0.0875,-2.75,-0.09999999999999999,Q1,0.2692582403567252
TOP_main_1_Cheese_100,1,100,0.001874999999999993,-2.8874999999999997,-0.11249999999999999,-2.8125,-0.0875,-2.8499999999999996,-0.09999999999999999,Q1,0.18027756377319976
TOP_main_1_Cheese_100,1,100,0.001874999999999993,-2.9875,-0.11249999999999999,-2.9125,-0.0875,-2.95,-0.09999999999999999,Q1,0.1118033988749894
TOP_main_1_Cheese_100,1,100,0.001875000000000004,-3.0875,-0.11249999999999999,-3.0124999999999997,-0.0875,-3.05,-0.09999999999999999,Q1,0.1118033988749894
TOP_main_1_Cheese_100,1,100,0.001875000000000004,-3.1875,-0.11249999999999999,-3.1125,-0.0875,-3.15,-0.09999999999999999,Q1,0.1802775637731994
TOP_main_1_Cheese_100,1,100,0.001874999999999993,-3.2874999999999996,-0.11249999999999999,-3.2125,-0.0875,-3.25,-0.09999999999999999,Q1,0.2692582403567252
TOP_main_1_Cheese_100,1,100,0.001874999999999993,-3.3874999999999997,-0.11249999999999999,-3.3125,-0.0875,-3.3499999999999996,-0.09999999999999999,Q1,0.3640054944640256
TOP_main_1_Cheese_100,1,100,0.13741306404399992,-3.9194679999999997,-0.0875,-1.744314,-0.023691,-2.8318909999999997,-0.0555955,Q1,0.1770635352105286
TOP_main_1_Cheese_100,1,100,0.024353444918000004,-3.931701,-0.023691,-1.7488359999999998,-0.012499999999999999,-2.8402684999999996,-0.0180955,Q1,0.16075322457885602
TOP_main_1_Cheese_100,1,100,0.03256486744599999,-3.970211,-0.012499999999999999,-1.7493859999999999,0.00699,-2.8597985,-0.0027549999999999996,Q1,0.14022856566067401
TOP_main_1_Cheese_100,1,100,0.22808295311200005,-4.707275999999999,0.00699,-1.744314,0.0875,-3.2257949999999997,0.047244999999999995,Q1,0.23068478937719297
TOP_main_1_Cheese_100,1,100,0.25139318386300025,-5.0,0.0875,-1.7294429999999998,0.170853,-3.3647215,0.1291765,Q1,0.3869216208930433
TOP_main_1_Cheese_100,1,100,0.05447967137399999,-5.0,0.170853,-1.7252729999999998,0.1875,-3.3626365,0.17917650000000002,Q1,0.4044866490806586
TOP_main_1_Cheese_100,1,100,0.0004014750000000007,-2.6875,0.1875,-2.6125,0.192853,-2.65,0.1901765,Q1,0.39833039195151815
TOP_main_1_Cheese_100,1,100,0.0004014750000000007,-2.7875,0.1875,-2.7125,0.192853,-2.75,0.1901765,Q1,0.314113197991186
TOP_main_1_Cheese_100,1,100,0.0004014749999999983,-2.8874999999999997,0.1875,-2.8125,0.192853,-2.8499999999999996,0.1901765,Q1,0.2422129252377959
TOP_main_1_Cheese_100,1,100,0.0004014749999999983,-2.9875,0.1875,-2.9125,0.192853,-2.95,0.1901765,Q1,0.19663952082999486
TOP_main_1_Cheese_100,1,100,0.0004014750000000007,-3.0875,0.1875,-3.0124999999999997,0.192853,-3.05,0.1901765,Q1,0.19663952082999486
TOP_main_1_Cheese_100,1,100,0.0004014750000000007,-3.1875,0.1875,-3.1125,0.192853,-3.15,0.1901765,Q1,0.24221292523779564
TOP_main_1_Cheese_100,1,100,0.0004014749999999983,-3.2874999999999996,0.1875,-3.2125,0.192853,-3.25,0.1901765,Q1,0.314113197991186
TOP_main_1_Cheese_100,1,100,0.0004014749999999983,-3.3874999999999997,0.1875,-3.3125,0.192853,-3.3499999999999996,0.1901765,Q1,0.39833039195151776
TOP_main_1_Cheese_100,1,100,0.0014735249999999946,-3.3874999999999997,0.192853,-3.3125,0.2125,-3.3499999999999996,0.20267649999999998,Q1,0.4044474794732312
TOP_main_1_Cheese_100,1,100,0.0014735249999999946,-3.2874999999999996,0.192853,-3.2125,0.2125,-3.25,0.20267649999999998,Q1,0.3218349944494073
TOP_main_1_Cheese_100,1,100,0.0014735250000000033,-3.1875,0.192853,-3.1125,0.2125,-3.15,0.20267649999999998,Q1,0.25214631397712317
TOP_main_1_Cheese_100,1,100,0.0014735250000000033,-3.0875,0.192853,-3.0124999999999997,0.2125,-3.05,0.20267649999999998,Q1,0.20875287699155184
TOP_main_1_Cheese_100,1,100,0.0014735249999999946,-2.9875,0.192853,-2.9125,0.2125,-2.95,0.20267649999999998,Q1,0.20875287699155184
TOP_main_1_Cheese_100,1,100,0.0014735249999999946,-2.8874999999999997,0.192853,-2.8125,0.2125,-2.8499999999999996,0.20267649999999998,Q1,0.2521463139771234
TOP_main_1_Cheese_100,1,100,0.0014735250000000033,-2.7875,0.192853,-2.7125,0.2125,-2.75,0.20267649999999998,Q1,0.3218349944494073
TOP_main_1_Cheese_100,1,100,0.0014735250000000033,-2.6875,0.192853,-2.6125,0.2125,-2.65,0.20267649999999998,Q1,0.40444747947323156
TOP_main_1_Cheese_100,1,100,0.03585164911599996,-5.0,0.2125,-1.715663,0.22342199999999998,-3.3578315,0.217961,Q1,0.41898732667379096
TOP_main_1_Cheese_100,1,100,0.06785176644400005,-5.0,0.22342199999999998,-1.7082789999999999,0.244058,-3.3541395,0.23374,Q1,0.4243220157619093
TOP_main_1_Cheese_100,1,100,0.06898398977799994,-5.0,0.244058,-1.7007889999999999,0.264991,-3.3503945,0.2545245,Q1,0.43308085472634333
TOP_main_1_Cheese_100,1,100,0.07435258938950001,-5.0,0.264991,-1.6926789999999998,0.2875,-3.3463395,0.2762455,Q1,0.4430153784356701
TOP_main_1_Cheese_100,1,100,0.001875000000000006,-2.6875,0.2875,-2.6125,0.3125,-2.65,0.3,Q1,0.46097722286464443
TOP_main_1_Cheese_100,1,100,0.001875000000000006,-2.7875,0.2875,-2.7125,0.3125,-2.75,0.3,Q1,0.3905124837953327
TOP_main_1_Cheese_100,1,100,0.001874999999999995,-2.8874999999999997,0.2875,-2.8125,0.3125,-2.8499999999999996,0.3,Q1,0.3354101966249686
TOP_main_1_Cheese_100,1,100,0.001874999999999995,-2.9875,0.2875,-2.9125,0.3125,-2.95,0.3,Q1,0.30413812651491096
TOP_main_1_Cheese_100,1,100,0.001875000000000006,-3.0875,0.2875,-3.0124999999999997,0.3125,-3.05,0.3,Q1,0.30413812651491096
TOP_main_1_Cheese_100,1,100,0.001875000000000006,-3.1875,0.2875,-3.1125,0.3125,-3.15,0.3,Q1,0.3354101966249684
TOP_main_1_Cheese_100,1,100,0.001874999999999995,-3.2874999999999996,0.2875,-3.2125,0.3125,-3.25,0.3,Q1,0.3905124837953327
TOP_main_1_Cheese_100,1,100,0.001874999999999995,-3.3874999999999997,0.2875,-3.3125,0.3125,-3.3499999999999996,0.3,Q1,0.4609772228646441
TOP_main_1_Cheese_100,1,100,0.25033893366399984,-5.0,0.3125,-1.6410909999999999,0.38749999999999996,-3.3205454999999997,0.35,Q1,0.4746044854089032
TOP_main_1_Cheese_100,1,100,3.495000000000173e-05,-2.6875,0.38749999999999996,-2.6125,0.387966,-2.65,0.387733,Q1,0.5223378976189648
TOP_main_1_Cheese_100,1,100,3.495000000000173e-05,-2.7875,0.38749999999999996,-2.7125,0.387966,-2.75,0.387733,Q1,0.4613424750540535
TOP_main_1_Cheese_100,1,100,3.495000000000152e-05,-2.8874999999999997,0.38749999999999996,-2.8125,0.387966,-2.8499999999999996,0.387733,Q1,0.4157365503404772
TOP_main_1_Cheese_100,1,100,3.495000000000152e-05,-2.9875,0.38749999999999996,-2.9125,0.387966,-2.95,0.387733,Q1,0.39094357558220594
TOP_main_1_Cheese_100,1,100,3.495000000000173e-05,-3.0875,0.38749999999999996,-3.0124999999999997,0.387966,-3.05,0.387733,Q1,0.39094357558220594
TOP_main_1_Cheese_100,1,100,3.495000000000173e-05,-3.1875,0.38749999999999996,-3.1125,0.387966,-3.15,0.387733,Q1,0.415736550340477
TOP_main_1_Cheese_100,1,100,3.495000000000152e-05,-3.2874999999999996,0.38749999999999996,-3.2125,0.387966,-3.25,0.387733,Q1,0.4613424750540535
TOP_main_1_Cheese_100,1,100,3.495000000000152e-05,-3.3874999999999997,0.38749999999999996,-3.3125,0.387966,-3.3499999999999996,0.387733,Q1,0.5223378976189644
TOP_main_1_Cheese_100,1,100,0.0040285722715,-3.3874999999999997,0.387966,-3.1125,0.409966,-3.25,0.398966,Q1,0.47082254529280987
TOP_main_1_Cheese_100,1,100,0.0016500000000000054,-3.0875,0.387966,-3.0124999999999997,0.409966,-3.05,0.398966,Q1,0.4020868925443852
TOP_main_1_Cheese_100,1,100,0.004028572271499999,-2.9875,0.387966,-2.7125,0.409966,-2.8499999999999996,0.398966,Q1,0.42623217752300224
TOP_main_1_Cheese_100,1,100,0.0016500000000000054,-2.6875,0.387966,-2.6125,0.409966,-2.65,0.398966,Q1,0.5307295631072383
TOP_main_1,1,10,0.026673861904000028,-1.1844999999999999,-0.1845,-0.8155,0.1845,-1.0,0.0,Q2,0.0
TOP_main_1,1,10,0.04885182285200001,-1.1248,-0.1248,-0.8752,0.1248,-1.0,0.0,Q2,0.0
TOP_main_1,1,10,0.003999574833000003,-1.219228,0.09290699999999999,-1.124102,0.195212,-1.171665,0.1440595,Q2,0.2241026812986627
TOP_main_1,1,10,0.003999574833000001,-1.195212,-0.21922799999999998,-1.0929069999999999,-0.12410199999999999,-1.1440595,-0.17166499999999998,Q2,0.22410268129866273
TOP_main_1,1,10,0.003999574832999999,-0.875898,-0.195212,-0.7807719999999999,-0.09290699999999999,-0.8283349999999999,-0.1440595,Q2,0.2241026812986628
TOP_main_1,1,10,0.003999574832999999,-0.875898,0.09290699999999999,-0.7807719999999999,0.195212,-0.8283349999999999,0.1440595,Q2,0.2241026812986628
TOP_main_1,1,11,0.010512022010000004,-1.173481,0.259498,-0.826519,0.7322839999999999,-1.0,0.49589099999999997,Q2,0.49589099999999997
TOP_main_1,1,11,0.005005249725000041,-1.577747,0.156545,-1.187914,0.485921,-1.3828304999999999,0.321233,Q2,0.49974976940389865
TOP_main_1,1,11,0.005005249724999965,-1.4859209999999998,-0.577747,-1.156545,-0.187914,-1.3212329999999999,-0.3828305,Q2,0.4997497694038987
TOP_main_1,1,11,0.0050052497250000095,-0.812086,-0.485921,-0.422253,-0.156545,-0.6171694999999999,-0.321233,Q2,0.4997497694038988
TOP_main_1,1,11,0.0050052497250000026,-0.812086,0.156545,-0.422253,0.485921,-0.6171694999999999,0.321233,Q2,0.4997497694038988
TOP_main_1,1,10,0.014896600960000027,1.2427,-0.1573,1.5573,0.1573,1.4,0.0,Q3,0.3999999999999999
TOP_main_1,1,10,0.035508721051999995,1.2935999999999999,-0.1064,1.5064,0.1064,1.4,0.0,Q3,0.3999999999999999
TOP_main_1,1,10,0.003999292300999994,1.202129,0.074976,1.297308,0.177273,1.2497185,0.1261245,Q3,0.27976189651648414
TOP_main_1,1,10,0.003999292300999996,1.222727,-0.197871,1.325024,-0.10269199999999999,1.2738755,-0.15028149999999998,Q3,0.3123976932413233
TOP_main_1,1,11,0.011056022010000005,1.226519,0.23229799999999998,1.573481,0.7322839999999999,1.4,0.48229099999999997,Q3,0.6265816855614277
TOP_main_1,1,11,0.005277261472999981,0.822253,0.139061,1.2329219999999999,0.485921,1.0275874999999999,0.31249099999999996,Q3,0.31370638380060095
TOP_main_1,1,11,0.005277261473000029,0.914079,-0.577747,1.260939,-0.167078,1.087509,-0.37241250000000004,Q3,0.3825557413466043
ground_main_1,1,0,0.26041825048549994,-0.491595,-0.550202,0.8915949999999999,-0.330802,0.19999999999999996,-0.44050199999999995,Q3,0.9132590059802312
ground_main_1,1,0,0.03699024359999997,-0.327801,-0.330802,0.7278009999999999,-0.295192,0.19999999999999996,-0.31299699999999997,Q3,0.8590501277626353
ground_main_1,1,0,0.02582597258000001,-0.310959,-0.295192,0.710959,-0.269652,0.2,-0.282422,Q3,0.8483879926566619
ground_main_1,1,0,0.01907121893099999,-0.300879,-0.269652,0.7008789999999999,-0.250483,0.19999999999999996,-0.2600675,Q3,0.8412104995518364
ground_main_1,1,0,0.085429475487,-0.29402,-0.250483,0.69402,-0.161495,0.19999999999999998,-0.205989,Q3,0.8260941036716096
ground_main_1,1,0,0.13751221762099997,-0.268213,-0.161495,0.668213,-0.011,0.19999999999999998,-0.0862475,Q3,0.8046357133860329
ground_main_1,1,0,0.180990001425,-0.274501,-0.011,0.674501,0.186599,0.2,0.08779949999999999,Q3,0.8048035488243389
ground_main_1,1,0,0.021999902508000005,-0.280273,0.186599,0.680273,0.209641,0.2,0.19812,Q3,0.8241671762452082
ground_main_1,1,0,0.019460176610999993,-0.28739899999999996,0.209641,0.687399,0.231979,0.2,0.22081,Q3,0.8299138847494962
ground_main_1,1,0,0.004669219467999997,0.432793,0.231979,0.694236,0.251088,0.5635144999999999,0.24153349999999998,Q3,0.49885671623473216
ground_main_1,1,0,0.005339730526500005,0.457513,0.251088,0.702476,0.274117,0.5799945,0.26260249999999996,Q3,0.4953430054381509
ground_main_1,1,0,0.02789667190999999,0.47385299999999997,0.274117,0.759189,0.387966,0.616521,0.3310415,Q3,0.506601044376391
ground_main_1,1,0,0.006186054960000001,0.48512,0.387966,0.772399,0.410006,0.6287594999999999,0.39898599999999995,Q3,0.5449856301190428
TOP_main_1_Cheese_diff,1,101,0.0006250000000000011,0.6875,0.38749999999999996,0.7125,0.4125,0.7,0.39999999999999997,Q3,0.5
TOP_main_1_Cheese_diff,1,101,0.0006249999999999984,0.5875,0.38749999999999996,0.6124999999999999,0.4125,0.6,0.39999999999999997,Q3,0.565685424949238
TOP_main_1_Cheese_diff,1,101,0.0005966449750000008,0.6875,0.2875,0.7125,0.3125,0.7,0.3,Q3,0.42426406871192857
TOP_main_1_Cheese_diff,1,101,0.0006249999999999984,0.5875,0.2875,0.6124999999999999,0.3125,0.6,0.3,Q3,0.5
TOP_main_1_Cheese_diff,1,101,0.0006249999999999976,0.5875,0.1875,0.6124999999999999,0.2125,0.6,0.2,Q3,0.447213595499958
TOP_main_1_Cheese_diff,1,101,0.0006249999999999976,0.5875,0.0875,0.6124999999999999,0.11249999999999999,0.6,0.09999999999999999,Q3,0.4123105625617661
TOP_main_1_Cheese_diff,1,101,0.0006249999999999977,0.5875,-0.012499999999999999,0.6124999999999999,0.012499999999999999,0.6,0.0,Q3,0.4
TOP_main_1_Cheese_diff,1,101,0.0006249999999999976,0.5875,-0.11249999999999999,0.6124999999999999,-0.0875,0.6,-0.09999999999999999,Q3,0.4123105625617661
TOP_main_1_Cheese_diff,1,101,0.0006249999999999976,0.5875,-0.2125,0.6124999999999999,-0.1875,0.6,-0.2,Q3,0.447213595499958
TOP_main_1_Cheese_diff,1,101,0.0006249999999999984,0.5875,-0.3125,0.6124999999999999,-0.2875,0.6,-0.3,Q3,0.5
TOP_main_1_Cheese_diff,1,101,0.0005966449750000008,0.6875,-0.3125,0.7125,-0.2875,0.7,-0.3,Q3,0.42426406871192857
TOP_main_1_Cheese_diff,1,101,0.0006250000000000011,0.6875,-0.4125,0.7125,-0.38749999999999996,0.7,-0.39999999999999997,Q3,0.5
TOP_main_1_Cheese_diff,1,101,0.0006249999999999984,0.5875,-0.4125,0.6124999999999999,-0.38749999999999996,0.6,-0.39999999999999997,Q3,0.565685424949238
TOP_main_1_Cheese_100,1,100,0.0013475374999999995,0.7125,-0.4125,0.773894,-0.38749999999999996,0.743197,-0.39999999999999997,Q3,0.47533964784036264
TOP_main_1_Cheese_100,1,100,0.0018750000000000034,0.6124999999999999,-0.4125,0.6875,-0.38749999999999996,0.6499999999999999,-0.39999999999999997,Q3,0.5315072906367325
TOP_main_1_Cheese_100,1,100,0.04899363872599996,-0.358909,-0.38749999999999996,0.758909,-0.342603,0.19999999999999998,-0.3650515,Q3,0.879353511195725
TOP_main_1_Cheese_100,1,100,0.03168425038399999,-0.333383,-0.342603,0.733383,-0.3125,0.2,-0.3275515,Q3,0.8644593600350742
TOP_main_1_Cheese_100,1,100,0.0019216794825000017,0.6124999999999999,-0.3125,0.7191449999999999,-0.2875,0.6658225,-0.3,Q3,0.44908195410887974
TOP_main_1_Cheese_100,1,100,0.01139637048600001,-0.307321,-0.2875,0.707321,-0.27622199999999997,0.19999999999999998,-0.281861,Q3,0.8482014049275091
TOP_main_1_Cheese_100,1,100,0.015750030236000002,-0.30322899999999997,-0.27622199999999997,0.703229,-0.26048499999999997,0.2,-0.26835349999999997,Q3,0.8438089836937327
TOP_main_1_Cheese_100,1,100,0.03393949994399998,-0.297599,-0.26048499999999997,0.697599,-0.225953,0.19999999999999998,-0.24321899999999996,Q3,0.8361551781583368
TOP_main_1_Cheese_100,1,100,0.012994108357999993,-0.28524299999999997,-0.225953,0.6852429999999999,-0.2125,0.19999999999999998,-0.2192265,Q3,0.8294939772549589
TOP_main_1_Cheese_100,1,100,0.0016339500000000003,0.6124999999999999,-0.2125,0.680989,-0.1875,0.6467444999999999,-0.2,Q3,0.4059426662476489
TOP_main_1_Cheese_100,1,100,0.069916852424,-0.274727,-0.1875,0.674727,-0.11249999999999999,0.19999999999999998,-0.15,Q3,0.8139410298049854
TOP_main_1_Cheese_100,1,100,0.0011260125000000006,0.6124999999999999,-0.11249999999999999,0.659395,-0.0875,0.6359474999999999,-0.09999999999999999,Q3,0.37753704819030687
TOP_main_1_Cheese_100,1,100,0.057796037188999984,-0.25568599999999997,-0.0875,0.655686,-0.023691,0.2,-0.0555955,Q3,0.8019294605015145
TOP_main_1_Cheese_100,1,100,0.010091797598000002,-0.251164,-0.023691,0.651164,-0.012499999999999999,0.19999999999999998,-0.0180955,Q3,0.8002046282796983
TOP_main_1_Cheese_100,1,100,0.012429911285000006,-0.1875,-0.012499999999999999,0.650614,0.00699,0.231557,-0.0027549999999999996,Q3,0.7684479385579741
TOP_main_1_Cheese_100,1,100,0.07161231908099999,-0.25568599999999997,0.00699,0.655686,0.0875,0.2,0.047244999999999995,Q3,0.8013938420183925
TOP_main_1_Cheese_100,1,100,0.07143270522600001,-0.270557,0.0875,0.670557,0.170853,0.19999999999999998,0.1291765,Q3,0.8103619982157666
TOP_main_1_Cheese_100,1,100,0.015736142747999997,-0.274727,0.170853,0.674727,0.1875,0.19999999999999998,0.17917650000000002,Q3,0.819819625376369
TOP_main_1_Cheese_100,1,100,0.0003366903175000001,0.6124999999999999,0.1875,0.676068,0.192853,0.644284,0.1901765,Q3,0.40336208771803284
TOP_main_1_Cheese_100,1,100,0.0012972619395000009,0.6124999999999999,0.192853,0.680989,0.2125,0.6467444999999999,0.20267649999999998,Q3,0.4072679854008906
TOP_main_1_Cheese_100,1,100,0.010087392228999988,-0.284337,0.2125,0.684337,0.22342199999999998,0.19999999999999998,0.217961,Q3,0.8291604172420437
TOP_main_1_Cheese_100,1,100,0.005233838022000004,0.41208,0.22342199999999998,0.6917209999999999,0.244058,0.5519004999999999,0.23374,Q3,0.5053984067052943
TOP_main_1_Cheese_100,1,100,0.004925126669999995,0.45014699999999996,0.244058,0.6992109999999999,0.264991,0.5746789999999999,0.2545245,Q3,0.4956618546360513
TOP_main_1_Cheese_100,1,100,0.005145870998,0.468506,0.264991,0.707321,0.2875,0.5879135,0.2762455,Q3,0.4961117411959729
TOP_main_1_Cheese_100,1,100,4.668002499999851e-05,0.707321,0.2875,0.7191449999999999,0.3125,0.713233,0.3,Q3,0.41501242425859974
TOP_main_1_Cheese_100,1,100,0.0018750000000000034,0.6124999999999999,0.2875,0.6875,0.3125,0.6499999999999999,0.3,Q3,0.46097722286464443
TOP_main_1_Cheese_100,1,100,0.018955826628499983,0.484799,0.3125,0.758909,0.38749999999999996,0.6218539999999999,0.35,Q3,0.5152614844096152
TOP_main_1_Cheese_100,1,100,2.1691834000001e-05,0.7125,0.38749999999999996,0.759189,0.387966,0.7358445,0.387733,Q3,0.46916415833826225
TOP_main_1_Cheese_100,1,100,3.4950000000001676e-05,0.6124999999999999,0.38749999999999996,0.6875,0.387966,0.6499999999999999,0.387733,Q3,0.5223378976189648
TOP_main_1_Cheese_100,1,100,0.001650000000000003,0.6124999999999999,0.387966,0.6875,0.409966,0.6499999999999999,0.398966,Q3,0.5307295631072383
TOP_main_1_Cheese_100,1,100,0.0011722039999999996,0.7125,0.387966,0.7723749999999999,0.409966,0.7424375,0.398966,Q3,0.47488136472412773
TOP_main_1,1,11,0.003043762702500103,2.576446,0.266569,2.762031,1.00872,2.6692384999999996,0.6376445000000001,Q4,0.718326999536075
TOP_main_1,1,11,0.008260060335500044,2.762031,0.17685299999999998,2.939564,0.947056,2.8507974999999997,0.5619545,Q4,0.5814243253223073
TOP_main_1,1,11,0.008772849300499864,2.939564,0.206308,3.088723,1.00872,3.0141435,0.607514,Q4,0.6076786147201907
TOP_main_1,1,11,0.008775467600500133,3.088723,0.182824,3.23034,1.006426,3.1595315,0.594625,Q4,0.6156534659345709
TOP_main_1,1,11,0.011378959820000159,3.23034,0.17685299999999998,3.383639,1.230708,3.3069895000000002,0.7037804999999999,Q4,0.7678212977578182
TOP_main_1,1,11,0.0013740933800000011,2.5282579999999997,-0.326,2.636805,-0.247531,2.5825315,-0.2867655,Q4,0.5064725071339016
TOP_main_1,1,11,0.008340233726000165,2.808942,-1.109009,2.860252,-0.278201,2.834597,-0.6936049999999999,Q4,0.7130540291128015
TOP_main_1,1,11,0.0014142749989999976,2.862371,-0.27613099999999996,3.0076039999999997,-0.247531,2.9349875,-0.261831,Q4,0.26978157408772374
TOP_main_1,1,11,0.0014142749990000013,3.262371,-0.27613099999999996,3.4076039999999996,-0.247531,3.3349874999999995,-0.261831,Q4,0.42517302091883685
TOP_main_1,1,11,0.008335094305499863,2.626444,-1.143802,2.689603,-0.326,2.6580234999999997,-0.734901,Q4,0.8105722709007818
TOP_main_1,1,11,0.00013531534749999696,2.860252,-0.29322899999999996,2.877855,-0.27613099999999996,2.8690534999999997,-0.28467999999999993,Q4,0.31335233884917796
TOP_main_1,1,11,0.00818953827149986,2.99212,-1.097133,3.041416,-0.27613099999999996,3.016768,-0.6866319999999999,Q4,0.6868367122162297
TOP_main_1,1,11,0.003529312282000015,3.19212,-1.125148,3.2339119999999997,-0.32323199999999996,3.2130159999999997,-0.72419,Q4,0.7548688444729984
TOP_main_1,1,11,0.005168576884000147,3.2339119999999997,-1.084746,3.2778549999999997,-0.27613099999999996,3.2558834999999995,-0.6804385,Q4,0.7269614280376226
TOP_main_1,1,11,0.0004386271965000022,3.39212,-0.324571,3.426039,-0.27613099999999996,3.4090795,-0.300351,Q4,0.5075005029763516
ground_main_1,1,0,0.039018890464999983,2.445988,-0.550202,2.6239879999999998,-0.330802,2.534988,-0.44050199999999995,Q4,0.6405296028662533
ground_main_1,1,0,0.03908061332949998,2.644017,-0.550202,2.825958,-0.330802,2.7349875,-0.44050199999999995,Q4,0.5140755169819411
ground_main_1,1,0,0.039018890464999983,2.8459879999999997,-0.550202,3.0239879999999997,-0.330802,2.9349879999999997,-0.44050199999999995,Q4,0.44527359246647447
ground_main_1,1,0,0.03908061332949998,3.0440169999999998,-0.550202,3.225958,-0.330802,3.1349875,-0.44050199999999995,Q4,0.46072078003954836
ground_main_1,1,0,0.03901889046500007,3.2459879999999997,-0.550202,3.423988,-0.330802,3.334988,-0.44050199999999995,Q4,0.5534066968767184
ground_main_1,1,0,0.0056453765839999965,2.448468,-0.330802,2.621507,-0.295192,2.5349874999999997,-0.31299699999999997,Q4,0.5605388007669498
ground_main_1,1,0,0.006877465550999996,2.630459,-0.330802,2.8395159999999997,-0.295192,2.7349875,-0.31299699999999997,Q4,0.4101204056923406
ground_main_1,1,0,0.005645376583999998,2.848468,-0.330802,3.0215069999999997,-0.295192,2.9349875,-0.31299699999999997,Q4,0.31967756750396165
ground_main_1,1,0,0.006877465550999995,3.030459,-0.330802,3.239516,-0.295192,3.1349875000000003,-0.31299699999999997,Q4,0.34086470507409544
ground_main_1,1,0,0.0056453765839999965,3.248468,-0.330802,3.4215069999999996,-0.295192,3.3349874999999995,-0.31299699999999997,Q4,0.4584580102531198
ground_main_1,1,0,0.0027607464420000023,2.466386,-0.295192,2.603589,-0.269652,2.5349874999999997,-0.282422,Q4,0.5440577278563831
ground_main_1,1,0,0.0058211221339999975,2.609444,-0.295192,2.860531,-0.269652,2.7349875,-0.282422,Q4,0.38729034488384817
ground_main_1,1,0,0.0027607464420000027,2.866386,-0.295192,3.003589,-0.269652,2.9349875,-0.282422,Q4,0.28980823183658877
ground_main_1,1,0,0.005821122133999999,3.009444,-0.295192,3.260531,-0.269652,3.1349875,-0.282422,Q4,0.31302365923401054
ground_main_1,1,0,0.0027607464420000023,3.266386,-0.295192,3.4035889999999998,-0.269652,3.3349874999999995,-0.282422,Q4,0.4381538670835277
ground_main_1,1,0,0.005319567972999998,2.579455,-0.269652,2.89052,-0.250483,2.7349875,-0.2600675,Q4,0.3713040933150348
ground_main_1,1,0,0.005319567972999998,2.9794549999999997,-0.269652,3.29052,-0.250483,3.1349875,-0.2600675,Q4,0.29301319033876266
ground_main_1,1,0,0.005319567972999996,3.3794549999999997,-0.269652,3.69052,-0.250483,3.5349874999999997,-0.2600675,Q4,0.5948501741720345
ground_main_1,1,0,0.00027688009200000057,2.901767,-0.269652,2.9682079999999997,-0.263531,2.9349875,-0.2665915,Q4,0.27440417822711805
ground_main_1,1,0,0.0002768800920000008,3.301767,-0.269652,3.3682079999999996,-0.263531,3.3349874999999995,-0.2665915,Q4,0.4281210728619881
ground_main_1,1,0,0.147284544217,2.1059799999999997,-0.250483,3.823626,-0.161495,2.964803,-0.205989,Q4,0.2089743930006737
ground_main_1,1,0,0.254125672245,2.131787,-0.161495,3.868,-0.011,2.9998934999999998,-0.0862475,Q4,0.08624756575405478
ground_main_1,1,0,0.523430268037,2.125499,-0.011,5.0,0.186599,3.5627495,0.08779949999999999,Q4,0.5695575053938802
ground_main_1,1,0,0.005863817666000003,2.5237559999999997,0.186599,2.808334,0.209641,2.6660449999999996,0.19812,Q4,0.3883007551177312
ground_main_1,1,0,0.0012140988510000001,2.813358,0.192853,2.918733,0.209641,2.8660455000000002,0.201247,Q4,0.24175227626487808
ground_main_1,1,0,0.005863817665999999,2.923756,0.186599,3.208334,0.209641,3.066045,0.19812,Q4,0.2088383978702192
ground_main_1,1,0,0.0012140988510000003,3.213358,0.192853,3.318733,0.209641,3.2660454999999997,0.201247,Q4,0.3335874144497209
ground_main_1,1,0,0.03827729223400002,3.323756,0.186599,5.0,0.209641,4.161878,0.19812,Q4,1.1786483874693077
ground_main_1,1,0,0.004787674867000001,2.550883,0.209641,2.7812069999999998,0.231979,2.6660449999999996,0.22081,Q4,0.40035359137267684
ground_main_1,1,0,0.002890709790999998,2.791877,0.209641,2.940213,0.231979,2.8660449999999997,0.22081,Q4,0.2582653637733873
ground_main_1,1,0,0.004787674866999998,2.9508829999999997,0.209641,3.1812069999999997,0.231979,3.066045,0.22081,Q4,0.23047559116965075
ground_main_1,1,0,0.0028907097909999973,3.191877,0.209641,3.340213,0.231979,3.266045,0.22081,Q4,0.34574123000446455
ground_main_1,1,0,0.03665931554599999,3.350883,0.209641,5.0,0.231979,4.1754415,0.22081,Q4,1.1960015786035776
ground_main_1,1,0,0.0036859358714999993,2.565591,0.231979,2.766499,0.251088,2.666045,0.24153349999999998,Q4,0.4121460586336475
ground_main_1,1,0,0.0030374408894999977,2.782243,0.231979,2.949848,0.251088,2.8660455,0.24153349999999998,Q4,0.2761923961525734
ground_main_1,1,0,0.0036859358714999993,2.965591,0.231979,3.166499,0.251088,3.066045,0.24153349999999998,Q4,0.2504004266115575
ground_main_1,1,0,0.0030374408894999977,3.1822429999999997,0.231979,3.3498479999999997,0.251088,3.2660454999999997,0.24153349999999998,Q4,0.35933082207417144
ground_main_1,1,0,0.03115530718999998,3.3655909999999998,0.231979,5.0,0.251088,4.1827955,0.24153349999999998,Q4,1.2072048817174739
ground_main_1,1,0,0.0041793628395000015,2.572937,0.251088,2.759153,0.274117,2.666045,0.26260249999999996,Q4,0.4248364568057337
ground_main_1,1,0,0.003998328242500003,2.777314,0.251088,2.954777,0.274117,2.8660455000000002,0.26260249999999996,Q4,0.29479464221131957
ground_main_1,1,0,0.004179362839500003,2.972937,0.251088,3.159153,0.274117,3.066045,0.26260249999999996,Q4,0.2707803815479437
ground_main_1,1,0,0.003998328242500003,3.177314,0.251088,3.354777,0.274117,3.2660454999999997,0.26260249999999996,Q4,0.37381851355504025
ground_main_1,1,0,0.03741512540000004,3.372937,0.251088,5.0,0.274117,4.1864685,0.26260249999999996,Q4,1.2151821157746276
ground_main_1,1,0,0.020266137618999987,2.576831,0.274117,2.75526,0.387966,2.6660455,0.3310415,Q4,0.47022769249853835
ground_main_1,1,0,0.020263872885499988,2.7770449999999998,0.274117,2.9550449999999997,0.387966,2.8660449999999997,0.3310415,Q4,0.3571168110678214
ground_main_1,1,0,0.020266137618999987,2.976831,0.274117,3.1552599999999997,0.387966,3.0660454999999995,0.3310415,Q4,0.33756552370243603
ground_main_1,1,0,0.020263872885500037,3.1770449999999997,0.274117,3.355045,0.387966,3.266045,0.3310415,Q4,0.4246980300722503
ground_main_1,1,0,0.184772308981,3.3768309999999997,0.274117,5.0,0.387966,4.1884155,0.3310415,Q4,1.2336611671615911
ground_main_1,1,0,0.0039231199999999996,2.577045,0.387966,2.755045,0.410006,2.666045,0.39898599999999995,Q4,0.5203035366216532
ground_main_1,1,0,0.0039231199999999996,2.7770449999999998,0.387966,2.9550449999999997,0.410006,2.8660449999999997,0.39898599999999995,Q4,0.4208726294510015
ground_main_1,1,0,0.0039231199999999996,2.977045,0.387966,3.155045,0.410006,3.066045,0.39898599999999995,Q4,0.4044153437012497
ground_main_1,1,0,0.003923120000000009,3.1770449999999997,0.387966,3.355045,0.410006,3.266045,0.39898599999999995,Q4,0.47955163457233674
ground_main_1,1,0,0.03576992820000001,3.377045,0.387966,5.0,0.410006,4.1885224999999995,0.39898599999999995,Q4,1.253704734457938
TOP_main_1_Cheese_diff,1,101,0.0006249999999999984,2.6875,0.38749999999999996,2.7125,0.4125,2.7,0.39999999999999997,Q4,0.4999999999999999
TOP_main_1_Cheese_diff,1,101,0.0006249999999999984,2.5875,0.38749999999999996,2.6125,0.4125,2.5999999999999996,0.39999999999999997,Q4,0.5656854249492382
TOP_main_1_Cheese_diff,1,101,0.0006250000000000094,3.2874999999999996,0.38749999999999996,3.3125,0.4125,3.3,0.39999999999999997,Q4,0.4999999999999999
TOP_main_1_Cheese_diff,1,101,0.0006249999999999984,2.7875,0.38749999999999996,2.8125,0.4125,2.8,0.39999999999999997,Q4,0.447213595499958
TOP_main_1_Cheese_diff,1,101,0.0006249999999999984,3.0875,0.38749999999999996,3.1125,0.4125,3.0999999999999996,0.39999999999999997,Q4,0.41231056256176596
TOP_main_1_Cheese_diff,1,101,0.0006249999999999984,3.1875,0.38749999999999996,3.2125,0.4125,3.2,0.39999999999999997,Q4,0.447213595499958
TOP_main_1_Cheese_diff,1,101,0.0006250000000000094,2.8874999999999997,0.38749999999999996,2.9125,0.4125,2.9,0.39999999999999997,Q4,0.412310562561766
TOP_main_1_Cheese_diff,1,101,0.0006249999999999984,3.3874999999999997,0.38749999999999996,3.4124999999999996,0.4125,3.3999999999999995,0.39999999999999997,Q4,0.5656854249492377
TOP_main_1_Cheese_diff,1,101,0.0006249999999999984,2.9875,0.38749999999999996,3.0124999999999997,0.4125,3.0,0.39999999999999997,Q4,0.39999999999999997
TOP_main_1_Cheese_diff,1,101,0.0006250000000000094,2.8874999999999997,0.2875,2.9125,0.3125,2.9,0.3,Q4,0.31622776601683794
TOP_main_1_Cheese_diff,1,101,0.0006249999999999984,2.7875,0.2875,2.8125,0.3125,2.8,0.3,Q4,0.360555127546399
TOP_main_1_Cheese_diff,1,101,0.0006249999999999984,2.5875,0.2875,2.6125,0.3125,2.5999999999999996,0.3,Q4,0.5000000000000002
TOP_main_1_Cheese_diff,1,101,0.0006250000000000094,3.2874999999999996,0.2875,3.3125,0.3125,3.3,0.3,Q4,0.4242640687119284
TOP_main_1_Cheese_diff,1,101,0.0006249999999999984,3.3874999999999997,0.2875,3.4124999999999996,0.3125,3.3999999999999995,0.3,Q4,0.49999999999999956
TOP_main_1_Cheese_diff,1,101,0.0006249999999999984,3.0875,0.2875,3.1125,0.3125,3.0999999999999996,0.3,Q4,0.31622776601683783
TOP_main_1_Cheese_diff,1,101,0.0006249999999999984,2.6875,0.2875,2.7125,0.3125,2.7,0.3,Q4,0.4242640687119284
TOP_main_1_Cheese_diff,1,101,0.0006249999999999984,3.1875,0.2875,3.2125,0.3125,3.2,0.3,Q4,0.360555127546399
TOP_main_1_Cheese_diff,1,101,0.0006249999999999984,2.9875,0.2875,3.0124999999999997,0.3125,3.0,0.3,Q4,0.3
TOP_main_1_Cheese_diff,1,101,0.0004911749999999982,3.1875,0.192853,3.2125,0.2125,3.2,0.20267649999999998,Q4,0.28474157345257833
TOP_main_1_Cheese_diff,1,101,0.0006249999999999976,3.3874999999999997,0.1875,3.4124999999999996,0.2125,3.3999999999999995,0.2,Q4,0.4472135954999575
TOP_main_1_Cheese_diff,1,101,0.0004911750000000069,2.8874999999999997,0.192853,2.9125,0.2125,2.9,0.20267649999999998,Q4,0.22600390185182645
TOP_main_1_Cheese_diff,1,101,0.0004911749999999982,2.7875,0.192853,2.8125,0.2125,2.8,0.20267649999999998,Q4,0.28474157345257833
TOP_main_1_Cheese_diff,1,101,0.0004911750000000069,3.2874999999999996,0.192853,3.3125,0.2125,3.3,0.20267649999999998,Q4,0.36204663187530123
TOP_main_1_Cheese_diff,1,101,0.0006249999999999976,2.5875,0.1875,2.6125,0.2125,2.5999999999999996,0.2,Q4,0.44721359549995826
TOP_main_1_Cheese_diff,1,101,0.0006249999999999976,2.6875,0.1875,2.7125,0.2125,2.7,0.2,Q4,0.3605551275463988
TOP_main_1_Cheese_diff,1,101,0.0006249999999999976,3.0875,0.1875,3.1125,0.2125,3.0999999999999996,0.2,Q4,0.22360679774997883
TOP_main_1_Cheese_diff,1,101,0.0006249999999999976,2.9875,0.1875,3.0124999999999997,0.2125,3.0,0.2,Q4,0.2
TOP_main_1_Cheese_diff,1,101,0.0006249999999999976,2.5875,0.0875,2.6125,0.11249999999999999,2.5999999999999996,0.09999999999999999,Q4,0.4123105625617664
TOP_main_1_Cheese_diff,1,101,0.0006249999999999976,2.6875,0.0875,2.7125,0.11249999999999999,2.7,0.09999999999999999,Q4,0.3162277660168378
TOP_main_1_Cheese_diff,1,101,0.0006249999999999976,2.9875,0.0875,3.0124999999999997,0.11249999999999999,3.0,0.09999999999999999,Q4,0.09999999999999999
TOP_main_1_Cheese_diff,1,101,0.0006249999999999976,3.3874999999999997,0.0875,3.4124999999999996,0.11249999999999999,3.3999999999999995,0.09999999999999999,Q4,0.41231056256176557
TOP_main_1_Cheese_diff,1,101,0.0006250000000000088,2.8874999999999997,0.0875,2.9125,0.11249999999999999,2.9,0.09999999999999999,Q4,0.14142135623730956
TOP_main_1_Cheese_diff,1,101,0.0006249999999999976,2.7875,0.0875,2.8125,0.11249999999999999,2.8,0.09999999999999999,Q4,0.22360679774997913
TOP_main_1_Cheese_diff,1,101,0.0006250000000000088,3.2874999999999996,0.0875,3.3125,0.11249999999999999,3.3,0.09999999999999999,Q4,0.3162277660168378
TOP_main_1_Cheese_diff,1,101,0.0006249999999999976,3.0875,0.0875,3.1125,0.11249999999999999,3.0999999999999996,0.09999999999999999,Q4,0.14142135623730925
TOP_main_1_Cheese_diff,1,101,0.0006249999999999976,3.1875,0.0875,3.2125,0.11249999999999999,3.2,0.09999999999999999,Q4,0.22360679774997913
TOP_main_1_Cheese_diff,1,101,0.0006249999999999977,2.5875,-0.012499999999999999,2.6125,0.012499999999999999,2.5999999999999996,0.0,Q4,0.40000000000000036
TOP_main_1_Cheese_diff,1,101,0.0006249999999999977,2.7875,-0.012499999999999999,2.8125,0.012499999999999999,2.8,0.0,Q4,0.20000000000000018
TOP_main_1_Cheese_diff,1,101,0.0006249999999999977,2.6875,-0.012499999999999999,2.7125,0.012499999999999999,2.7,0.0,Q4,0.2999999999999998
TOP_main_1_Cheese_diff,1,101,0.0006250000000000088,3.2874999999999996,-0.012499999999999999,3.3125,0.012499999999999999,3.3,0.0,Q4,0.2999999999999998
TOP_main_1_Cheese_diff,1,101,0.0006249999999999977,2.9875,-0.012499999999999999,3.0124999999999997,0.012499999999999999,3.0,0.0,Q4,0.0
TOP_main_1_Cheese_diff,1,101,0.0006249999999999977,3.0875,-0.012499999999999999,3.1125,0.012499999999999999,3.0999999999999996,0.0,Q4,0.09999999999999964
TOP_main_1_Cheese_diff,1,101,0.0006249999999999977,3.1875,-0.012499999999999999,3.2125,0.012499999999999999,3.2,0.0,Q4,0.20000000000000018
TOP_main_1_Cheese_diff,1,101,0.0006249999999999977,3.3874999999999997,-0.012499999999999999,3.4124999999999996,0.012499999999999999,3.3999999999999995,0.0,Q4,0.39999999999999947
TOP_main_1_Cheese_diff,1,101,0.0006250000000000088,2.8874999999999997,-0.012499999999999999,2.9125,0.012499999999999999,2.9,0.0,Q4,0.10000000000000009
TOP_main_1_Cheese_diff,1,101,0.0006249999999999976,2.5875,-0.11249999999999999,2.6125,-0.0875,2.5999999999999996,-0.09999999999999999,Q4,0.4123105625617664
TOP_main_1_Cheese_diff,1,101,0.0006249999999999976,3.3874999999999997,-0.11249999999999999,3.4124999999999996,-0.0875,3.3999999999999995,-0.09999999999999999,Q4,0.41231056256176557
TOP_main_1_Cheese_diff,1,101,0.0006249999999999976,3.1875,-0.11249999999999999,3.2125,-0.0875,3.2,-0.09999999999999999,Q4,0.22360679774997913
TOP_main_1_Cheese_diff,1,101,0.0006249999999999976,2.6875,-0.11249999999999999,2.7125,-0.0875,2.7,-0.09999999999999999,Q4,0.3162277660168378
TOP_main_1_Cheese_diff,1,101,0.0006250000000000088,2.8874999999999997,-0.11249999999999999,2.9125,-0.0875,2.9,-0.09999999999999999,Q4,0.14142135623730956
TOP_main_1_Cheese_diff,1,101,0.0006249999999999976,2.9875,-0.11249999999999999,3.0124999999999997,-0.0875,3.0,-0.09999999999999999,Q4,0.09999999999999999
TOP_main_1_Cheese_diff,1,101,0.0006249999999999976,3.0875,-0.11249999999999999,3.1125,-0.0875,3.0999999999999996,-0.09999999999999999,Q4,0.14142135623730925
TOP_main_1_Cheese_diff,1,101,0.0006250000000000088,3.2874999999999996,-0.11249999999999999,3.3125,-0.0875,3.3,-0.09999999999999999,Q4,0.3162277660168378
TOP_main_1_Cheese_diff,1,101,0.0006249999999999976,2.7875,-0.11249999999999999,2.8125,-0.0875,2.8,-0.09999999999999999,Q4,0.22360679774997913
TOP_main_1_Cheese_diff,1,101,0.0006249999999999976,3.3874999999999997,-0.2125,3.4124999999999996,-0.1875,3.3999999999999995,-0.2,Q4,0.4472135954999575
TOP_main_1_Cheese_diff,1,101,0.0006249999999999976,2.5875,-0.2125,2.6125,-0.1875,2.5999999999999996,-0.2,Q4,0.44721359549995826
TOP_main_1_Cheese_diff,1,101,0.0006249999999999976,2.6875,-0.2125,2.7125,-0.1875,2.7,-0.2,Q4,0.3605551275463988
TOP_main_1_Cheese_diff,1,101,0.0006249999999999976,3.0875,-0.2125,3.1125,-0.1875,3.0999999999999996,-0.2,Q4,0.22360679774997883
TOP_main_1_Cheese_diff,1,101,0.0006249999999999976,2.7875,-0.2125,2.8125,-0.1875,2.8,-0.2,Q4,0.2828427124746191
TOP_main_1_Cheese_diff,1,101,0.0006250000000000088,2.8874999999999997,-0.2125,2.9125,-0.1875,2.9,-0.2,Q4,0.22360679774997902
TOP_main_1_Cheese_diff,1,101,0.0006249999999999976,2.9875,-0.2125,3.0124999999999997,-0.1875,3.0,-0.2,Q4,0.2
TOP_main_1_Cheese_diff,1,101,0.0006250000000000088,3.2874999999999996,-0.2125,3.3125,-0.1875,3.3,-0.2,Q4,0.3605551275463988
TOP_main_1_Cheese_diff,1,101,0.0006249999999999976,3.1875,-0.2125,3.2125,-0.1875,3.2,-0.2,Q4,0.2828427124746191
TOP_main_1_Cheese_diff,1,101,0.0006249999999999984,3.1875,-0.3125,3.2125,-0.2875,3.2,-0.3,Q4,0.360555127546399
TOP_main_1_Cheese_diff,1,101,0.0006249999999999984,2.5875,-0.3125,2.6125,-0.2875,2.5999999999999996,-0.3,Q4,0.5000000000000002
TOP_main_1_Cheese_diff,1,101,0.0006250000000000094,3.2874999999999996,-0.3125,3.3125,-0.2875,3.3,-0.3,Q4,0.4242640687119284
TOP_main_1_Cheese_diff,1,101,0.0006249999999999984,2.6875,-0.3125,2.7125,-0.2875,2.7,-0.3,Q4,0.4242640687119284
TOP_main_1_Cheese_diff,1,101,0.0006249999999999984,3.0875,-0.3125,3.1125,-0.2875,3.0999999999999996,-0.3,Q4,0.31622776601683783
TOP_main_1_Cheese_diff,1,101,0.0006249999999999984,2.7875,-0.3125,2.8125,-0.2875,2.8,-0.3,Q4,0.360555127546399
TOP_main_1_Cheese_diff,1,101,0.0006250000000000094,2.8874999999999997,-0.3125,2.9125,-0.2875,2.9,-0.3,Q4,0.31622776601683794
TOP_main_1_Cheese_diff,1,101,0.0006249999999999984,2.9875,-0.3125,3.0124999999999997,-0.2875,3.0,-0.3,Q4,0.3
TOP_main_1_Cheese_diff,1,101,0.0006249999999999984,3.3874999999999997,-0.3125,3.4124999999999996,-0.2875,3.3999999999999995,-0.3,Q4,0.49999999999999956
TOP_main_1_Cheese_diff,1,101,0.0006249999999999984,2.6875,-0.4125,2.7125,-0.38749999999999996,2.7,-0.39999999999999997,Q4,0.4999999999999999
TOP_main_1_Cheese_diff,1,101,0.0006249999999999984,3.3874999999999997,-0.4125,3.4124999999999996,-0.38749999999999996,3.3999999999999995,-0.39999999999999997,Q4,0.5656854249492377
TOP_main_1_Cheese_diff,1,101,0.0006250000000000094,3.2874999999999996,-0.4125,3.3125,-0.38749999999999996,3.3,-0.39999999999999997,Q4,0.4999999999999999
TOP_main_1_Cheese_diff,1,101,0.0006249999999999984,3.1875,-0.4125,3.2125,-0.38749999999999996,3.2,-0.39999999999999997,Q4,0.447213595499958
TOP_main_1_Cheese_diff,1,101,0.0006249999999999984,2.5875,-0.4125,2.6125,-0.38749999999999996,2.5999999999999996,-0.39999999999999997,Q4,0.5656854249492382
TOP_main_1_Cheese_diff,1,101,0.0006249999999999984,2.9875,-0.4125,3.0124999999999997,-0.38749999999999996,3.0,-0.39999999999999997,Q4,0.39999999999999997
TOP_main_1_Cheese_diff,1,101,0.0006249999999999984,2.7875,-0.4125,2.8125,-0.38749999999999996,2.8,-0.39999999999999997,Q4,0.447213595499958
TOP_main_1_Cheese_diff,1,101,0.0006249999999999984,3.0875,-0.4125,3.1125,-0.38749999999999996,3.0999999999999996,-0.39999999999999997,Q4,0.41231056256176596
TOP_main_1_Cheese_diff,1,101,0.0006250000000000094,2.8874999999999997,-0.4125,2.9125,-0.38749999999999996,2.9,-0.39999999999999997,Q4,0.412310562561766
TOP_main_1_Cheese_100,1,100,0.00028719999999999885,2.6125,-0.4125,2.6239879999999998,-0.38749999999999996,2.618244,-0.39999999999999997,Q4,0.5529354786374266
TOP_main_1_Cheese_100,1,100,0.00028719999999999885,2.8125,-0.4125,2.823988,-0.38749999999999996,2.818244,-0.39999999999999997,Q4,0.4393577625762404
TOP_main_1_Cheese_100,1,100,0.00028719999999999885,3.0124999999999997,-0.4125,3.0239879999999997,-0.38749999999999996,3.0182439999999997,-0.39999999999999997,Q4,0.40041583826816834
TOP_main_1_Cheese_100,1,100,0.00028719999999999885,3.2125,-0.4125,3.223988,-0.38749999999999996,3.218244,-0.39999999999999997,Q4,0.45566483684392406
TOP_main_1_Cheese_100,1,100,0.001874999999999995,3.3125,-0.4125,3.3874999999999997,-0.38749999999999996,3.3499999999999996,-0.39999999999999997,Q4,0.5315072906367322
TOP_main_1_Cheese_100,1,100,0.0010378000000000008,3.2459879999999997,-0.4125,3.2874999999999996,-0.38749999999999996,3.2667439999999996,-0.39999999999999997,Q4,0.4807830711828358
TOP_main_1_Cheese_100,1,100,0.001875000000000006,3.1125,-0.4125,3.1875,-0.38749999999999996,3.15,-0.39999999999999997,Q4,0.4272001872658765
TOP_main_1_Cheese_100,1,100,0.0010378000000000008,3.045988,-0.4125,3.0875,-0.38749999999999996,3.066744,-0.39999999999999997,Q4,0.4055302227158908
TOP_main_1_Cheese_100,1,100,0.001874999999999995,2.9125,-0.4125,2.9875,-0.38749999999999996,2.95,-0.39999999999999997,Q4,0.4031128874149274
TOP_main_1_Cheese_100,1,100,0.0010378000000000008,2.8459879999999997,-0.4125,2.8874999999999997,-0.38749999999999996,2.8667439999999997,-0.39999999999999997,Q4,0.42161257279165676
TOP_main_1_Cheese_100,1,100,0.001875000000000006,2.7125,-0.4125,2.7875,-0.38749999999999996,2.75,-0.39999999999999997,Q4,0.4716990566028302
TOP_main_1_Cheese_100,1,100,0.0010378000000000008,2.645988,-0.4125,2.6875,-0.38749999999999996,2.666744,-0.39999999999999997,Q4,0.5206338075230996
TOP_main_1_Cheese_100,1,100,0.00798884589499999,2.445988,-0.38749999999999996,2.6239879999999998,-0.342603,2.534988,-0.3650515,Q4,0.5911841995488801
TOP_main_1_Cheese_100,1,100,0.00799394533149999,2.645625,-0.38749999999999996,2.82435,-0.342603,2.7349875,-0.3650515,Q4,0.45110333938965697
TOP_main_1_Cheese_100,1,100,0.00798884589499999,2.8459879999999997,-0.38749999999999996,3.0239879999999997,-0.342603,2.9349879999999997,-0.3650515,Q4,0.37079530444201964
TOP_main_1_Cheese_100,1,100,0.00799394533149999,3.045625,-0.38749999999999996,3.22435,-0.342603,3.1349875,-0.3650515,Q4,0.3892097414100782
TOP_main_1_Cheese_100,1,100,0.007988845895000008,3.2459879999999997,-0.38749999999999996,3.423988,-0.342603,3.334988,-0.3650515,Q4,0.4954589365388922
TOP_main_1_Cheese_100,1,100,0.005128225879999999,2.4464509999999997,-0.342603,2.6235239999999997,-0.3125,2.5349874999999997,-0.3275515,Q4,0.5687939963717095
TOP_main_1_Cheese_100,1,100,0.005540332024999999,2.63882,-0.342603,2.831155,-0.3125,2.7349875,-0.3275515,Q4,0.4213331345960107
TOP_main_1_Cheese_100,1,100,0.005128225880000001,2.846451,-0.342603,3.0235239999999997,-0.3125,2.9349875,-0.3275515,Q4,0.33394102818985866
TOP_main_1_Cheese_100,1,100,0.005540332024999997,3.03882,-0.342603,3.2311549999999998,-0.3125,3.1349875,-0.3275515,Q4,0.35427617801441286
TOP_main_1_Cheese_100,1,100,0.005128225879999999,3.246451,-0.342603,3.423524,-0.3125,3.3349875,-0.3275515,Q4,0.4685153255855138
TOP_main_1_Cheese_100,1,100,0.0018803250840000061,2.5124999999999997,-0.3125,2.614851,-0.2875,2.5636754999999996,-0.3,Q4,0.5295083278856437
TOP_main_1_Cheese_100,1,100,0.0006164311614999981,2.8125,-0.3125,2.844547,-0.2875,2.8285235,-0.3,Q4,0.3455491138061997
TOP_main_1_Cheese_100,1,100,0.0018803250839999953,2.9125,-0.3125,3.0148509999999997,-0.2875,2.9636755,-0.3,Q4,0.3021911138671189
TOP_main_1_Cheese_100,1,100,0.0006164311614999981,3.2125,-0.3125,3.244547,-0.2875,3.2285234999999997,-0.3,Q4,0.37712463463986257
TOP_main_1_Cheese_100,1,100,0.0018803250839999953,3.3125,-0.3125,3.4148509999999996,-0.2875,3.3636755,-0.3,Q4,0.4714444498562369
TOP_main_1_Cheese_100,1,100,0.000606832032499995,3.255124,-0.3125,3.2874999999999996,-0.2875,3.271312,-0.3,Q4,0.4044875787264672
TOP_main_1_Cheese_100,1,100,0.001875000000000006,3.1125,-0.3125,3.1875,-0.2875,3.15,-0.3,Q4,0.3354101966249684
TOP_main_1_Cheese_100,1,100,0.0013670561615000023,3.025428,-0.3125,3.0875,-0.2875,3.056464,-0.3,Q4,0.3052673963855295
TOP_main_1_Cheese_100,1,100,0.0006068320324999969,2.855124,-0.3125,2.8874999999999997,-0.2875,2.8713119999999996,-0.3,Q4,0.32643621328522987
TOP_main_1_Cheese_100,1,100,0.001875000000000006,2.7125,-0.3125,2.7875,-0.2875,2.75,-0.3,Q4,0.3905124837953327
TOP_main_1_Cheese_100,1,100,0.0013670561615000036,2.625428,-0.3125,2.6875,-0.2875,2.6564639999999997,-0.3,Q4,0.4560887888295438
TOP_main_1_Cheese_100,1,100,0.0025711348050000025,2.6161589999999997,-0.2875,2.8538159999999997,-0.27622199999999997,2.7349875,-0.281861,Q4,0.38688143982006945
TOP_main_1_Cheese_100,1,100,0.0012288620230000017,2.873623,-0.2875,2.996352,-0.27622199999999997,2.9349875,-0.281861,Q4,0.2892615572060172
TOP_main_1_Cheese_100,1,100,0.0025711348050000025,3.016159,-0.2875,3.253816,-0.27622199999999997,3.1349875000000003,-0.281861,Q4,0.3125175970681492
TOP_main_1_Cheese_100,1,100,0.0012288620230000015,3.2736229999999997,-0.2875,3.396352,-0.27622199999999997,3.3349874999999995,-0.281861,Q4,0.4377924719284808
TOP_main_1_Cheese_100,1,100,0.004008739993000001,2.597718,-0.27622199999999997,2.872257,-0.26048499999999997,2.7349875,-0.26835349999999997,Q4,0.3771541145453673
TOP_main_1_Cheese_100,1,100,0.004008739993000001,2.997718,-0.27622199999999997,3.2722569999999997,-0.26048499999999997,3.1349875,-0.26835349999999997,Q4,0.30039178770149483
TOP_main_1_Cheese_100,1,100,0.004008739993000001,3.397718,-0.27622199999999997,3.6722569999999997,-0.26048499999999997,3.5349874999999997,-0.26835349999999997,Q4,0.5985191944445054
TOP_main_1_Cheese_100,1,100,0.0008069641319999985,3.288462,-0.27622199999999997,3.381513,-0.263531,3.3349875,-0.26987649999999996,Q4,0.4301743256035859
TOP_main_1_Cheese_100,1,100,0.0008069641319999978,2.888462,-0.27622199999999997,2.981513,-0.263531,2.9349875,-0.26987649999999996,Q4,0.27759674063018097
TOP_main_1_Cheese_100,1,100,0.05101591997549997,2.102401,-0.26048499999999997,3.785977,-0.225953,2.9441889999999997,-0.24321899999999996,Q4,0.2495402766729251
TOP_main_1_Cheese_100,1,100,0.022563050114999986,2.114757,-0.225953,3.8012949999999996,-0.2125,2.958026,-0.2192265,Q4,0.22320859073577345
TOP_main_1_Cheese_100,1,100,0.001874999999999993,3.3125,-0.2125,3.3874999999999997,-0.1875,3.3499999999999996,-0.2,Q4,0.4031128874149272
TOP_main_1_Cheese_100,1,100,0.001874999999999993,3.2125,-0.2125,3.2874999999999996,-0.1875,3.25,-0.2,Q4,0.32015621187164245
TOP_main_1_Cheese_100,1,100,0.001875000000000004,3.1125,-0.2125,3.1875,-0.1875,3.15,-0.2,Q4,0.24999999999999997
TOP_main_1_Cheese_100,1,100,0.001875000000000004,3.0124999999999997,-0.2125,3.0875,-0.1875,3.05,-0.2,Q4,0.206155281280883
TOP_main_1_Cheese_100,1,100,0.001874999999999993,2.9125,-0.2125,2.9875,-0.1875,2.95,-0.2,Q4,0.206155281280883
TOP_main_1_Cheese_100,1,100,0.001874999999999993,2.8125,-0.2125,2.8874999999999997,-0.1875,2.8499999999999996,-0.2,Q4,0.2500000000000002
TOP_main_1_Cheese_100,1,100,0.001875000000000004,2.7125,-0.2125,2.7875,-0.1875,2.75,-0.2,Q4,0.32015621187164245
TOP_main_1_Cheese_100,1,100,0.001875000000000004,2.6125,-0.2125,2.6875,-0.1875,2.65,-0.2,Q4,0.40311288741492757
TOP_main_1_Cheese_100,1,100,0.12668128236749998,2.125273,-0.1875,3.823988,-0.11249999999999999,2.9746305,-0.15,Q4,0.15213024528426292
TOP_main_1_Cheese_100,1,100,0.001874999999999993,3.3125,-0.11249999999999999,3.3874999999999997,-0.0875,3.3499999999999996,-0.09999999999999999,Q4,0.3640054944640256
TOP_main_1_Cheese_100,1,100,0.001874999999999993,3.2125,-0.11249999999999999,3.2874999999999996,-0.0875,3.25,-0.09999999999999999,Q4,0.2692582403567252
TOP_main_1_Cheese_100,1,100,0.001875000000000004,3.1125,-0.11249999999999999,3.1875,-0.0875,3.15,-0.09999999999999999,Q4,0.1802775637731994
TOP_main_1_Cheese_100,1,100,0.001875000000000004,3.0124999999999997,-0.11249999999999999,3.0875,-0.0875,3.05,-0.09999999999999999,Q4,0.1118033988749894
TOP_main_1_Cheese_100,1,100,0.001874999999999993,2.9125,-0.11249999999999999,2.9875,-0.0875,2.95,-0.09999999999999999,Q4,0.1118033988749894
TOP_main_1_Cheese_100,1,100,0.001874999999999993,2.8125,-0.11249999999999999,2.8874999999999997,-0.0875,2.8499999999999996,-0.09999999999999999,Q4,0.18027756377319976
TOP_main_1_Cheese_100,1,100,0.001875000000000004,2.7125,-0.11249999999999999,2.7875,-0.0875,2.75,-0.09999999999999999,Q4,0.2692582403567252
TOP_main_1_Cheese_100,1,100,0.001875000000000004,2.6125,-0.11249999999999999,2.6875,-0.0875,2.65,-0.09999999999999999,Q4,0.364005494464026
TOP_main_1_Cheese_100,1,100,0.10770027011449998,2.144314,-0.0875,3.8538159999999997,-0.023691,2.999065,-0.0555955,Q4,0.05560336181608087
TOP_main_1_Cheese_100,1,100,0.019142332055000003,2.1488359999999997,-0.023691,3.866049,-0.012499999999999999,3.0074425,-0.0180955,Q4,0.019566244568133075
TOP_main_1_Cheese_100,1,100,0.0014617499999999947,3.3125,-0.012499999999999999,3.3874999999999997,0.00699,3.3499999999999996,-0.0027549999999999996,Q4,0.35001084272490723
TOP_main_1_Cheese_100,1,100,0.0014617499999999947,3.2125,-0.012499999999999999,3.2874999999999996,0.00699,3.25,-0.0027549999999999996,Q4,0.25001517958916014
TOP_main_1_Cheese_100,1,100,0.0014617500000000034,3.1125,-0.012499999999999999,3.1875,0.00699,3.15,-0.0027549999999999996,Q4,0.15002529795004566
TOP_main_1_Cheese_100,1,100,0.0014617500000000034,3.0124999999999997,-0.012499999999999999,3.0875,0.00699,3.05,-0.0027549999999999996,Q4,0.0500758427288047
TOP_main_1_Cheese_100,1,100,0.0014617499999999947,2.9125,-0.012499999999999999,2.9875,0.00699,2.95,-0.0027549999999999996,Q4,0.0500758427288047
TOP_main_1_Cheese_100,1,100,0.0014617499999999947,2.8125,-0.012499999999999999,2.8874999999999997,0.00699,2.8499999999999996,-0.0027549999999999996,Q4,0.1500252979500461
TOP_main_1_Cheese_100,1,100,0.0014617500000000034,2.7125,-0.012499999999999999,2.7875,0.00699,2.75,-0.0027549999999999996,Q4,0.25001517958916014
TOP_main_1_Cheese_100,1,100,0.0014617500000000034,2.6125,-0.012499999999999999,2.6875,0.00699,2.65,-0.0027549999999999996,Q4,0.3500108427249077
TOP_main_1_Cheese_100,1,100,0.19617526918800005,2.144314,0.00699,4.707275999999999,0.0875,3.425795,0.047244999999999995,Q4,0.4284080672092905
TOP_main_1_Cheese_100,1,100,0.22091448131299996,2.1294429999999998,0.0875,5.0,0.170853,3.5647215,0.1291765,Q4,0.5793072938557741
TOP_main_1_Cheese_100,1,100,0.04378660310699999,2.125273,0.170853,5.0,0.1875,3.5626365,0.17917650000000002,Q4,0.5904778143880598
TOP_main_1_Cheese_100,1,100,0.00048362535100000023,2.7125,0.1875,2.806882,0.192853,2.759691,0.1901765,Q4,0.306456386184478
TOP_main_1_Cheese_100,1,100,0.00048362535100000023,3.1125,0.1875,3.206882,0.192853,3.1596909999999996,0.1901765,Q4,0.24833106256215687
TOP_main_1_Cheese_100,1,100,0.00031184222799999887,3.3252089999999996,0.1875,3.3874999999999997,0.192853,3.3563544999999997,0.1901765,Q4,0.4039252787614311
TOP_main_1_Cheese_100,1,100,0.0004014750000000007,3.0124999999999997,0.1875,3.0875,0.192853,3.05,0.1901765,Q4,0.19663952082999486
TOP_main_1_Cheese_100,1,100,0.00031184222799999887,2.9252089999999997,0.1875,2.9875,0.192853,2.9563544999999998,0.1901765,Q4,0.19512055458741404
TOP_main_1_Cheese_100,1,100,0.0004014750000000007,2.6125,0.1875,2.6875,0.192853,2.65,0.1901765,Q4,0.39833039195151815
TOP_main_1_Cheese_100,1,100,0.0014735250000000033,2.6125,0.192853,2.6875,0.2125,2.65,0.20267649999999998,Q4,0.40444747947323156
TOP_main_1_Cheese_100,1,100,0.0014302114175000007,2.7125,0.192853,2.7875,0.2125,2.75,0.20267649999999998,Q4,0.3218349944494073
TOP_main_1_Cheese_100,1,100,0.0011649022509999968,2.8125,0.192853,2.8874999999999997,0.2125,2.8499999999999996,0.20267649999999998,Q4,0.2521463139771234
TOP_main_1_Cheese_100,1,100,3.651656949999854e-05,2.9125,0.205503,2.9224539999999997,0.2125,2.917477,0.2090015,Q4,0.22470352140376
TOP_main_1_Cheese_100,1,100,0.0008547622244999988,2.933033,0.192853,2.9875,0.2125,2.9602665,0.20267649999999998,Q4,0.20653453627541327
TOP_main_1_Cheese_100,1,100,0.0014735250000000033,3.0124999999999997,0.192853,3.0875,0.2125,3.05,0.20267649999999998,Q4,0.20875287699155184
TOP_main_1_Cheese_100,1,100,0.0014302114175000007,3.1125,0.192853,3.1875,0.2125,3.15,0.20267649999999998,Q4,0.25214631397712317
TOP_main_1_Cheese_100,1,100,0.0011649022509999962,3.2125,0.192853,3.2874999999999996,0.2125,3.25,0.20267649999999998,Q4,0.3218349944494073
TOP_main_1_Cheese_100,1,100,3.6516569499998735e-05,3.3125,0.205503,3.322454,0.2125,3.3174770000000002,0.2090015,Q4,0.38009639899800435
TOP_main_1_Cheese_100,1,100,0.0008547622244999967,3.333033,0.192853,3.3874999999999997,0.2125,3.3602665,0.20267649999999998,Q4,0.41336390102971
TOP_main_1_Cheese_100,1,100,0.0023775771849999993,2.5532209999999997,0.2125,2.77887,0.22342199999999998,2.6660455,0.217961,Q4,0.3987889236065239
TOP_main_1_Cheese_100,1,100,0.0013625253544999976,2.798383,0.2125,2.933707,0.22342199999999998,2.8660449999999997,0.217961,Q4,0.2558338123587265
TOP_main_1_Cheese_100,1,100,0.0023775771849999976,2.9532209999999997,0.2125,3.17887,0.22342199999999998,3.0660454999999995,0.217961,Q4,0.22774767966161572
TOP_main_1_Cheese_100,1,100,0.0013625253544999982,3.1983829999999998,0.2125,3.333707,0.22342199999999998,3.266045,0.217961,Q4,0.34392868380814073
TOP_main_1_Cheese_100,1,100,0.017942641168999983,3.353221,0.2125,5.0,0.22342199999999998,4.1766105,0.217961,Q4,1.1966282907533357
TOP_main_1_Cheese_100,1,100,0.004120049323000005,2.5608519999999997,0.22342199999999998,2.771238,0.244058,2.6660449999999996,0.23374,Q4,0.40762768505708774
TOP_main_1_Cheese_100,1,100,0.0030945724320000016,2.785116,0.22342199999999998,2.946974,0.244058,2.8660449999999997,0.23374,Q4,0.26940365555240725
TOP_main_1_Cheese_100,1,100,0.004120049323000002,2.960852,0.22342199999999998,3.171238,0.244058,3.066045,0.23374,Q4,0.24289160056494336
TOP_main_1_Cheese_100,1,100,0.0030945724320000016,3.185116,0.22342199999999998,3.346974,0.244058,3.266045,0.23374,Q4,0.35413885641793114
TOP_main_1_Cheese_100,1,100,0.033714711522500024,3.360852,0.22342199999999998,5.0,0.244058,4.180426,0.23374,Q4,1.2033453074973948
TOP_main_1_Cheese_100,1,100,0.003867835274499994,2.5706979999999997,0.244058,2.761392,0.264991,2.6660449999999996,0.2545245,Q4,0.4198912515464573
TOP_main_1_Cheese_100,1,100,0.0035469898864999975,2.7784869999999997,0.244058,2.953604,0.264991,2.8660455,0.2545245,Q4,0.2876221986747547
TOP_main_1_Cheese_100,1,100,0.003867835274499996,2.970698,0.244058,3.1613919999999998,0.264991,3.066045,0.2545245,Q4,0.2629537281067716
TOP_main_1_Cheese_100,1,100,0.003546989886499997,3.178487,0.244058,3.353604,0.264991,3.2660454999999997,0.2545245,Q4,0.36818871407268833
TOP_main_1_Cheese_100,1,100,0.034044190430999974,3.370698,0.244058,5.0,0.264991,4.185349,0.2545245,Q4,1.2123675073595677
TOP_main_1_Cheese_100,1,100,0.004018949461000001,2.5758859999999997,0.264991,2.756204,0.2875,2.6660449999999996,0.2762455,Q4,0.4334022592179813
TOP_main_1_Cheese_100,1,100,0.0039911978559999985,2.7770449999999998,0.264991,2.9550449999999997,0.2875,2.8660449999999997,0.2762455,Q4,0.3070106159324952
TOP_main_1_Cheese_100,1,100,0.004018949461,2.975886,0.264991,3.156204,0.2875,3.066045,0.2762455,Q4,0.2840308403945775
TOP_main_1_Cheese_100,1,100,0.003991197856000001,3.1770449999999997,0.264991,3.355045,0.2875,3.266045,0.2762455,Q4,0.38352512081381324
TOP_main_1_Cheese_100,1,100,0.036537264849500005,3.375886,0.264991,5.0,0.2875,4.187943,0.2762455,Q4,1.2196393514146915
TOP_main_1_Cheese_100,1,100,0.0010636250000000023,2.7125,0.2875,2.755045,0.3125,2.7337724999999997,0.3,Q4,0.40109485381421955
TOP_main_1_Cheese_100,1,100,0.0010636249999999912,2.9125,0.2875,2.9550449999999997,0.3125,2.9337725,0.3,Q4,0.30722317906735164
TOP_main_1_Cheese_100,1,100,0.0010636250000000023,3.1125,0.2875,3.155045,0.3125,3.1337725,0.3,Q4,0.3284738676915563
TOP_main_1_Cheese_100,1,100,0.0010636250000000023,3.3125,0.2875,3.355045,0.3125,3.3337725000000002,0.3,Q4,0.4487806610764886
TOP_main_1_Cheese_100,1,100,0.00026137499999999723,3.377045,0.2875,3.3874999999999997,0.3125,3.3822725,0.3,Q4,0.48593442382306073
TOP_main_1_Cheese_100,1,100,0.001874999999999995,3.2125,0.2875,3.2874999999999996,0.3125,3.25,0.3,Q4,0.3905124837953327
TOP_main_1_Cheese_100,1,100,0.00026137500000000835,3.1770449999999997,0.2875,3.1875,0.3125,3.1822725,0.3,Q4,0.3510317140320087
TOP_main_1_Cheese_100,1,100,0.001875000000000006,3.0124999999999997,0.2875,3.0875,0.3125,3.05,0.3,Q4,0.30413812651491096
TOP_main_1_Cheese_100,1,100,0.00026137499999999723,2.977045,0.2875,2.9875,0.3125,2.9822724999999997,0.3,Q4,0.3005233173253783
TOP_main_1_Cheese_100,1,100,0.001874999999999995,2.8125,0.2875,2.8874999999999997,0.3125,2.8499999999999996,0.3,Q4,0.3354101966249686
TOP_main_1_Cheese_100,1,100,0.00026137500000000835,2.7770449999999998,0.2875,2.7875,0.3125,2.7822725,0.3,Q4,0.37068216069329535
TOP_main_1_Cheese_100,1,100,0.001875000000000006,2.6125,0.2875,2.6875,0.3125,2.65,0.3,Q4,0.46097722286464443
TOP_main_1_Cheese_100,1,100,0.013349999999999987,2.577045,0.3125,2.755045,0.38749999999999996,2.666045,0.35,Q4,0.4837622784229874
TOP_main_1_Cheese_100,1,100,0.013349999999999987,2.7770449999999998,0.3125,2.9550449999999997,0.38749999999999996,2.8660449999999997,0.35,Q4,0.37475851161114415
TOP_main_1_Cheese_100,1,100,0.013349999999999987,2.977045,0.3125,3.155045,0.38749999999999996,3.066045,0.35,Q4,0.3561768409442141
TOP_main_1_Cheese_100,1,100,0.01335000000000002,3.1770449999999997,0.3125,3.355045,0.38749999999999996,3.266045,0.35,Q4,0.4396361473138896
TOP_main_1_Cheese_100,1,100,0.12172162499999994,3.377045,0.3125,5.0,0.38749999999999996,4.1885224999999995,0.35,Q4,1.2389857678788119
TOP_main_1_Cheese_100,1,100,1.982597000000096e-05,2.7125,0.38749999999999996,2.755045,0.387966,2.7337724999999997,0.387733,Q4,0.47033388251884445
TOP_main_1_Cheese_100,1,100,1.9825970000000753e-05,2.9125,0.38749999999999996,2.9550449999999997,0.387966,2.9337725,0.387733,Q4,0.3933483965205019
TOP_main_1_Cheese_100,1,100,1.982597000000096e-05,3.1125,0.38749999999999996,3.155045,0.387966,3.1337725,0.387733,Q4,0.41016089653360427
TOP_main_1_Cheese_100,1,100,1.982597000000096e-05,3.3125,0.38749999999999996,3.355045,0.387966,3.3337725000000002,0.387733,Q4,0.5116062558699318
TOP_main_1_Cheese_100,1,100,4.872030000000174e-06,3.377045,0.38749999999999996,3.3874999999999997,0.387966,3.3822725,0.387733,Q4,0.5444898011397917
TOP_main_1_Cheese_100,1,100,3.495000000000152e-05,3.2125,0.38749999999999996,3.2874999999999996,0.387966,3.25,0.387733,Q4,0.4613424750540535
TOP_main_1_Cheese_100,1,100,4.872030000000381e-06,3.1770449999999997,0.38749999999999996,3.1875,0.387966,3.1822725,0.387733,Q4,0.4284391946884061
TOP_main_1_Cheese_100,1,100,3.495000000000173e-05,3.0124999999999997,0.38749999999999996,3.0875,0.387966,3.05,0.387733,Q4,0.39094357558220594
TOP_main_1_Cheese_100,1,100,4.872030000000174e-06,2.977045,0.38749999999999996,2.9875,0.387966,2.9822724999999997,0.387733,Q4,0.3881380470209665
TOP_main_1_Cheese_100,1,100,3.495000000000152e-05,2.8125,0.38749999999999996,2.8874999999999997,0.387966,2.8499999999999996,0.387733,Q4,0.4157365503404772
TOP_main_1_Cheese_100,1,100,4.872030000000381e-06,2.7770449999999998,0.38749999999999996,2.7875,0.387966,2.7822725,0.387733,Q4,0.4446820701863861
TOP_main_1_Cheese_100,1,100,3.495000000000173e-05,2.6125,0.38749999999999996,2.6875,0.387966,2.65,0.387733,Q4,0.5223378976189648
TOP_main_1_Cheese_100,1,100,0.0016500000000000054,2.6125,0.387966,2.6875,0.409966,2.65,0.398966,Q4,0.5307295631072383
TOP_main_1_Cheese_100,1,100,0.000935990000000002,2.7125,0.387966,2.755045,0.409966,2.7337724999999997,0.398966,Q4,0.47963626938780407
TOP_main_1_Cheese_100,1,100,0.00023001000000000735,2.7770449999999998,0.387966,2.7875,0.409966,2.7822725,0.398966,Q4,0.45450977262568293
TOP_main_1_Cheese_100,1,100,0.0016499999999999957,2.8125,0.387966,2.8874999999999997,0.409966,2.8499999999999996,0.398966,Q4,0.42623217752300224
TOP_main_1_Cheese_100,1,100,0.0009359899999999922,2.9125,0.387966,2.9550449999999997,0.409966,2.9337725,0.398966,Q4,0.40442545779444944
TOP_main_1_Cheese_100,1,100,0.0002300099999999976,2.977045,0.387966,2.9875,0.409966,2.9822724999999997,0.398966,Q4,0.39935965421190206
TOP_main_1_Cheese_100,1,100,0.0016500000000000054,3.0124999999999997,0.387966,3.0875,0.409966,3.05,0.398966,Q4,0.4020868925443852
TOP_main_1_Cheese_100,1,100,0.000935990000000002,3.1125,0.387966,3.155045,0.409966,3.1337725,0.398966,Q4,0.4207956165554128
TOP_main_1_Cheese_100,1,100,0.00023001000000000735,3.1770449999999997,0.387966,3.1875,0.409966,3.1822725,0.398966,Q4,0.4386309763482852
TOP_main_1_Cheese_100,1,100,0.0016499999999999957,3.2125,0.387966,3.2874999999999996,0.409966,3.25,0.398966,Q4,0.47082254529280987
TOP_main_1_Cheese_100,1,100,0.000935990000000002,3.3125,0.387966,3.355045,0.409966,3.3337725000000002,0.398966,Q4,0.5201710785042265
TOP_main_1_Cheese_100,1,100,0.0002300099999999976,3.377045,0.387966,3.3874999999999997,0.409966,3.3822725,0.398966,Q4,0.5525451415153788
