        m,                 E_elec (J),                  E_mag (J),                  E_cap (J),                  E_ind (J),              E_elec[1] (J),                  p_elec[1],               E_mag[1] (J),                   p_mag[1],              E_elec[2] (J),                  p_elec[2],               E_mag[2] (J),                   p_mag[2]
 1.00e+00,        +1.667820079509e-11,        +1.667818858134e-11,        +3.964155818693e-18,        +1.617773878306e-17,        +1.523566237096e-11,        +9.135075514529e-01,        +8.015584062822e-12,        +4.806027959049e-01,        +1.442538424127e-12,        +8.649244854711e-02,        +8.662604518520e-12,        +5.193972040951e-01
 2.00e+00,        +1.667820466053e-11,        +1.667820436769e-11,        +9.905306943747e-20,        +3.907377241901e-19,        +1.533828858671e-11,        +9.196606528644e-01,        +8.078962233322e-12,        +4.844024005948e-01,        +1.339916073820e-12,        +8.033934713559e-02,        +8.599242134373e-12,        +5.155975994052e-01
 3.00e+00,        +1.667820438725e-11,        +1.667820329813e-11,        +3.723390404741e-19,        +1.460778403870e-18,        +1.531150305871e-11,        +9.180546480416e-01,        +8.145156769577e-12,        +4.883713565530e-01,        +1.366701328548e-12,        +8.194535195840e-02,        +8.533046528558e-12,        +5.116286434470e-01
 4.00e+00,        +1.221584314734e-11,        +3.276612374888e-15,        +4.462186391764e-12,        +1.667427337780e-11,        +1.149549377530e-11,        +9.410315470370e-01,        +2.517446857562e-15,        +7.683078037719e-01,        +7.203493720376e-13,        +5.896845296304e-02,        +7.591655173262e-16,        +2.316921962281e-01
 5.00e+00,        +1.667820262449e-11,        +1.667819692548e-11,        +2.135063631879e-18,        +7.829955281987e-18,        +1.528009051799e-11,        +9.161712962736e-01,        +7.873385244680e-12,        +4.720765248102e-01,        +1.398112106497e-12,        +8.382870372640e-02,        +8.804811680799e-12,        +5.279234751898e-01
 6.00e+00,        +1.667815496269e-11,        +1.667802859703e-11,        +4.976741538156e-17,        +1.761660178656e-16,        +1.535677909869e-11,        +9.207720598018e-01,        +7.834537232881e-12,        +4.697519966045e-01,        +1.321375864001e-12,        +7.922794019822e-02,        +8.843491364147e-12,        +5.302480033955e-01
 7.00e+00,        +1.085064006277e-11,        +2.500699556953e-15,        +5.825722733252e-12,        +1.667043400426e-11,        +9.834704505916e-12,        +9.063709098285e-01,        +1.772839123500e-15,        +7.089372726007e-01,        +1.015935556856e-12,        +9.362909017152e-02,        +7.278604334530e-16,        +2.910627273993e-01
 8.00e+00,        +1.057755338463e-11,        +2.855815054124e-15,        +6.099945709773e-12,        +1.667341706555e-11,        +9.881750143488e-12,        +9.342188863680e-01,        +2.148349942173e-15,        +7.522720839610e-01,        +6.958032411429e-13,        +6.578111363200e-02,        +7.074651119509e-16,        +2.477279160390e-01
 9.00e+00,        +1.053141175004e-11,        +2.462225925886e-15,        +6.146669035184e-12,        +1.667540736851e-11,        +9.551155021753e-12,        +9.069206720280e-01,        +1.760959993517e-15,        +7.151902573211e-01,        +9.802567282908e-13,        +9.307932797203e-02,        +7.012659323687e-16,        +2.848097426789e-01
 1.00e+01,        +1.042596508871e-11,        +2.236632536058e-15,        +6.251375102432e-12,        +1.667366389610e-11,        +9.566310749622e-12,        +9.175467851873e-01,        +1.617963418912e-15,        +7.233925970527e-01,        +8.596543390889e-13,        +8.245321481268e-02,        +6.186691171467e-16,        +2.766074029474e-01
 1.10e+01,        +1.024956044546e-11,        +2.236205300419e-15,        +6.428386789947e-12,        +1.667529697020e-11,        +9.269906977455e-12,        +9.044199531077e-01,        +1.574441470634e-15,        +7.040683922622e-01,        +9.796534680020e-13,        +9.558004689228e-02,        +6.617638297848e-16,        +2.959316077378e-01
 1.20e+01,        +1.019278480372e-11,        +2.250411498037e-15,        +6.485050038336e-12,        +1.667500662568e-11,        +9.411115840831e-12,        +9.233115406690e-01,        +1.646888593882e-15,        +7.318166456751e-01,        +7.816689628904e-13,        +7.668845933106e-02,        +6.035229041548e-16,        +2.681833543249e-01
 1.30e+01,        +9.912262697946e-12,        +2.093015079617e-15,        +6.764956931994e-12,        +1.667368341461e-11,        +9.081991817277e-12,        +9.162380068033e-01,        +1.496696036192e-15,        +7.150908996153e-01,        +8.302708806696e-13,        +8.376199319673e-02,        +5.963190434253e-16,        +2.849091003847e-01
 1.40e+01,        +1.667820178567e-11,        +1.667819850018e-11,        +2.971779910177e-18,        +6.248608282360e-18,        +1.535166148329e-11,        +9.204626302391e-01,        +8.058090203038e-12,        +4.831511150890e-01,        +1.326540302374e-12,        +7.953736976094e-02,        +8.620108297142e-12,        +5.168488849110e-01
 1.50e+01,        +1.667820239356e-11,        +1.667820018199e-11,        +2.365335477092e-18,        +4.575363328001e-18,        +1.488324152050e-11,        +8.923768383004e-01,        +7.886971459460e-12,        +4.728910418029e-01,        +1.794960873060e-12,        +1.076231616996e-01,        +8.791228722533e-12,        +5.271089581971e-01
 1.60e+01,        +1.667820393228e-11,        +1.667820337516e-11,        +8.064023163542e-19,        +1.342014915773e-18,        +1.537461878567e-11,        +9.218389970582e-01,        +8.306962875804e-12,        +4.980730051642e-01,        +1.303585146615e-12,        +7.816100294178e-02,        +8.371240499353e-12,        +5.019269948358e-01
 1.70e+01,        +1.667820374401e-11,        +1.667820309317e-11,        +9.927061232632e-19,        +1.626672814721e-18,        +1.512594108817e-11,        +9.069286669195e-01,        +8.179672363099e-12,        +4.904408656858e-01,        +1.552262655843e-12,        +9.307133308046e-02,        +8.498530730073e-12,        +5.095591343142e-01
 1.80e+01,        +1.667820287943e-11,        +1.667820195104e-11,        +1.837609562029e-18,        +2.753332571232e-18,        +1.503474185614e-11,        +9.014605449301e-01,        +8.134899340620e-12,        +4.877563759271e-01,        +1.643461023285e-12,        +9.853945506994e-02,        +8.543302610421e-12,        +5.122436240729e-01
 1.90e+01,        +1.667820469934e-11,        +1.667820466001e-11,        +5.071139473883e-20,        +7.462706950940e-20,        +1.560647612039e-11,        +9.357407707680e-01,        +8.320350372596e-12,        +4.988756609126e-01,        +1.071728578954e-12,        +6.425922923206e-02,        +8.357854287410e-12,        +5.011243390874e-01
 2.00e+01,        +1.667820413270e-11,        +1.667820397217e-11,        +2.805028105082e-19,        +3.794558216366e-19,        +1.530928511008e-11,        +9.179216771945e-01,        +8.253974435720e-12,        +4.948958802454e-01,        +1.368919022619e-12,        +8.207832280548e-02,        +8.424229536451e-12,        +5.051041197546e-01
 2.10e+01,        +1.667820392859e-11,        +1.667820379400e-11,        +1.706617321393e-20,        +2.291557228750e-20,        +1.537730160023e-11,        +9.219998547848e-01,        +8.168103129947e-12,        +4.897471712682e-01,        +1.300902328359e-12,        +7.800014521521e-02,        +8.510100664055e-12,        +5.102528287318e-01
 2.20e+01,        +1.667820272188e-11,        +1.667820208572e-11,        +1.869594209245e-18,        +2.411907166652e-18,        +1.503489478379e-11,        +9.014697227574e-01,        +8.071489165895e-12,        +4.839543929501e-01,        +1.643307938095e-12,        +9.853027724260e-02,        +8.606712919828e-12,        +5.160456070499e-01
 2.30e+01,        +1.667820164116e-11,        +1.667820130117e-11,        +9.852736871648e-20,        +1.253913249277e-19,        +1.525970519220e-11,        +9.149490766764e-01,        +8.226913064827e-12,        +4.932734001866e-01,        +1.418496448959e-12,        +8.505092332364e-02,        +8.451288236347e-12,        +5.067265998134e-01
 2.40e+01,        +1.667820271011e-11,        +1.667820247966e-11,        +7.331469190952e-21,        +8.431466370277e-21,        +1.509176992266e-11,        +9.048798713489e-01,        +8.177358207722e-12,        +4.903021304420e-01,        +1.586432787456e-12,        +9.512012865113e-02,        +8.500844271943e-12,        +5.096978695581e-01
 2.50e+01,        +1.988603978088e-12,        +6.658628137156e-16,        +5.437181393295e-16,        +6.172994866862e-16,        +1.877817014147e-12,        +9.442890765773e-01,        +6.574316229802e-16,        +9.873379462530e-01,        +1.107869639413e-13,        +5.571092342269e-02,        +8.431190735424e-18,        +1.266205374704e-02
 2.60e+01,        +1.831404603009e-12,        +6.418539603153e-16,        +3.246738899935e-17,        +3.647093500308e-17,        +1.729207582536e-12,        +9.441974644461e-01,        +6.264757551924e-16,        +9.760409593557e-01,        +1.021970204731e-13,        +5.580253555393e-02,        +1.537820512293e-17,        +2.395904064435e-02
 2.70e+01,        +1.667813872707e-11,        +1.667813076301e-11,        +1.320302221897e-19,        +1.464365901931e-19,        +1.530905157327e-11,        +9.179112743809e-01,        +8.123996007302e-12,        +4.871047075203e-01,        +1.369087153804e-12,        +8.208872561913e-02,        +8.554134755710e-12,        +5.128952924797e-01
 2.80e+01,        +1.417436158092e-12,        +2.177889321702e-16,        +4.818370322867e-15,        +5.265835549343e-15,        +1.281108796575e-12,        +9.038211627813e-01,        +2.101259271380e-16,        +9.648145341644e-01,        +1.363273615171e-13,        +9.617883721879e-02,        +7.663005032252e-18,        +3.518546583562e-02
 2.90e+01,        +1.404159783502e-12,        +2.002494065634e-16,        +4.268979625490e-16,        +4.661375655862e-16,        +1.270355368372e-12,        +9.047085547516e-01,        +1.913913636375e-16,        +9.557649479321e-01,        +1.338044151298e-13,        +9.529144524854e-02,        +8.858042925908e-18,        +4.423505206795e-02
 3.00e+01,        +1.397002027259e-12,        +2.153081899112e-16,        +1.923585882914e-16,        +2.099411789317e-16,        +1.263696272357e-12,        +9.045772645273e-01,        +2.083500793369e-16,        +9.676830195025e-01,        +1.333057549023e-13,        +9.542273547295e-02,        +6.958110574300e-18,        +3.231698049744e-02
 3.10e+01,        +1.319712133438e-12,        +1.958817460945e-16,        +1.501264906956e-15,        +1.630244750079e-15,        +1.235182080397e-12,        +9.359481125469e-01,        +1.912228542202e-16,        +9.762157936246e-01,        +8.453005304163e-14,        +6.405188745321e-02,        +4.658891874289e-18,        +2.378420637542e-02
 3.20e+01,        +1.316785768286e-12,        +1.816913606273e-16,        +2.094499997358e-15,        +2.274015806304e-15,        +1.207777284981e-12,        +9.172162352217e-01,        +1.755080144862e-16,        +9.659678582417e-01,        +1.090084833053e-13,        +8.278376477839e-02,        +6.183346141131e-18,        +3.403214175833e-02
 3.30e+01,        +1.315344074309e-12,        +2.168522332837e-16,        +3.214069692151e-17,        +3.489207774536e-17,        +1.188941571767e-12,        +9.039015684101e-01,        +2.047872021754e-16,        +9.443628920692e-01,        +1.264025025422e-13,        +9.609843158991e-02,        +1.206503110825e-17,        +5.563710793084e-02
 3.40e+01,        +1.301107987428e-12,        +2.132871225628e-16,        +1.130354304484e-16,        +1.225982962700e-16,        +1.177036044801e-12,        +9.046413181490e-01,        +2.027059924242e-16,        +9.503902063499e-01,        +1.240719426271e-13,        +9.535868185109e-02,        +1.058113013857e-17,        +4.960979365011e-02
 3.50e+01,        +1.293591259694e-12,        +1.818963855087e-16,        +7.512888916924e-16,        +8.144514998988e-16,        +1.195510412756e-12,        +9.241794143221e-01,        +1.773823362006e-16,        +9.751834029276e-01,        +9.808084693787e-14,        +7.582058567794e-02,        +4.514049308102e-18,        +2.481659707244e-02
 3.60e+01,        +1.251611794116e-12,        +1.868439120254e-16,        +1.412209071386e-16,        +1.526770091004e-16,        +1.132326178361e-12,        +9.046943978028e-01,        +1.768711336833e-16,        +9.466250827550e-01,        +1.192856157555e-13,        +9.530560219732e-02,        +9.972778342090e-18,        +5.337491724502e-02
 3.70e+01,        +1.227227874412e-12,        +1.961487279696e-16,        +2.776533472392e-16,        +2.997030991768e-16,        +1.148497064636e-12,        +9.358466252132e-01,        +1.873780873181e-16,        +9.552857632964e-01,        +7.873080977603e-14,        +6.415337478685e-02,        +8.770640651544e-18,        +4.471423670361e-02
