        m,                       p[1],                       p[2],                       p[3],                       p[4],                       p[5],                       p[6],                       p[7],                       p[8]
 1.00e+00,        -8.173416227917e-12,        -2.431065003220e-11,        -1.883892828771e-09,        -1.586610699660e-09,        +1.093032472149e-11,        -1.324564445674e-11,        +9.398632978377e-07,        +2.660235356812e-08
 2.00e+00,        -2.129313832074e-09,        -1.724040066244e-09,        -4.863994829750e-11,        -2.139723545510e-11,        +2.188048465584e-09,        -1.201531465173e-08,        -5.150792218962e-09,        +1.504981357756e-10
 3.00e+00,        +4.402008717620e-10,        +2.728288994398e-10,        +1.281171744232e-12,        -1.818435472377e-12,        +3.089304099632e-08,        -5.277788656365e-08,        +3.128819256729e-09,        +7.019346447083e-11
 4.00e+00,        +7.040644833103e-15,        -5.256059546005e-15,        +9.884321523189e-14,        -6.868026189561e-14,        +3.960306100011e-13,        +2.502029901495e-13,        +9.985714254427e-01,        -1.203358424759e-03
 5.00e+00,        +1.058290957874e-09,        +1.259109799583e-09,        -1.457665532296e-10,        +7.638969881558e-11,        -4.320533331706e-08,        -8.173899915310e-08,        -3.419791833186e-07,        +9.235215094840e-12
 6.00e+00,        +2.035269606919e-10,        +2.638359739101e-10,        +9.193229077038e-10,        +9.783038841649e-10,        +9.435417377675e-10,        +1.592955288216e-09,        -1.042470660671e-05,        -1.330406278068e-07
 7.00e+00,        -4.951465784135e-12,        +6.144657099746e-12,        -9.905223531757e-01,        +9.122126135383e-03,        -4.545502480803e-14,        +5.035071839995e-13,        -1.434518583967e-13,        +1.912474368243e-12
 8.00e+00,        +7.084436366572e-14,        +2.121169774008e-10,        -3.989943043679e-12,        +1.091098980570e-12,        -5.467214117805e-14,        +8.572240879766e-13,        -1.204695605612e-03,        +9.985505415273e-01
 9.00e+00,        +6.188726256049e-03,        +9.936509784584e-01,        +1.732830852576e-12,        +3.162842223880e-11,        -2.964227377325e-13,        -2.129081547233e-12,        +5.282128196742e-14,        -2.412501556983e-11
 1.00e+01,        +1.906395865678e-12,        +1.691767553444e-10,        -9.122067828740e-03,        -9.906574953578e-01,        -3.871501068687e-13,        -3.306615329768e-11,        -1.075575000705e-14,        +7.645953707382e-11
 1.10e+01,        -3.362530206120e-11,        -1.128704534727e-11,        +1.651120306458e-13,        +1.561414604167e-11,        -2.637677115508e-02,        +9.734643204232e-01,        -4.850078329696e-13,        +3.166181562189e-12
 1.20e+01,        +9.936397530882e-01,        -6.190667205794e-03,        -4.910809042536e-12,        -2.606144380085e-12,        -2.715514666385e-11,        -3.159013475926e-10,        -2.462949308644e-14,        -6.487664873415e-12
 1.30e+01,        +1.432226163249e-11,        -8.026900064054e-14,        -5.043360861225e-13,        -2.303448456541e-13,        +9.734025335503e-01,        +2.638542777248e-02,        -1.931018995914e-13,        +9.890298169268e-14
 1.40e+01,        -2.969276948308e-11,        -6.503978463537e-12,        -1.350043579704e-07,        -2.387971409800e-07,        -1.428763859770e-10,        -5.933906674199e-11,        -1.706002438795e-10,        +4.466158699244e-10
 1.50e+01,        +1.439105185371e-07,        +1.204609234942e-07,        -5.237453752189e-09,        -3.848718936761e-09,        +4.060277490816e-10,        +2.884981782055e-10,        +6.037804743853e-11,        -1.193649905815e-10
 1.60e+01,        -1.276242905261e-10,        +2.515665013352e-10,        -2.463209885895e-10,        +1.647239341745e-10,        +2.271763561185e-08,        -8.047656478081e-09,        -7.190216379723e-09,        +4.171944597257e-08
 1.70e+01,        -1.942537992355e-08,        -5.042520802045e-08,        +1.892746304735e-08,        -8.483880704296e-09,        -9.243141148125e-11,        +6.045759288566e-11,        +6.254694958882e-11,        -5.548078342807e-11
 1.80e+01,        +9.149540871857e-10,        +1.281949460023e-09,        +5.195282059828e-08,        -3.678094745845e-08,        -1.092263436152e-09,        -6.075657303980e-10,        +3.140320644689e-08,        -4.105196105121e-08
 1.90e+01,        -1.462549586208e-11,        +1.266074264093e-11,        -2.036591606929e-10,        +1.478088262723e-10,        -4.666413994738e-12,        -1.417691268926e-12,        +2.481775910580e-09,        -1.607912281644e-09
 2.00e+01,        -1.680687785266e-08,        +5.831651614031e-09,        -5.336703165867e-11,        +4.213385930387e-12,        -1.106216981695e-11,        +6.374966881887e-12,        +4.056763731824e-13,        -3.764646977903e-11
 2.10e+01,        +3.687388756586e-10,        +1.940944810379e-10,        +1.620270539047e-11,        +1.665211272898e-11,        +3.516520216913e-10,        +2.039909735069e-10,        +3.512273132079e-11,        +1.875293142540e-10
 2.20e+01,        +2.791725935413e-08,        -3.967070381189e-08,        -8.162365802182e-09,        -6.068799312099e-09,        +3.271035720278e-08,        -2.036871736345e-08,        -4.705242523845e-09,        +5.010871681789e-09
 2.30e+01,        -2.215272364822e-10,        -2.441318704820e-10,        -1.612428201730e-09,        -5.024426959821e-09,        -2.001442383390e-10,        -1.026434771981e-10,        -6.999027986268e-11,        +4.298379994193e-11
 2.40e+01,        -3.899348127482e-12,        -8.858187321528e-14,        -2.910336317917e-11,        +6.683833340215e-11,        -7.585195574641e-14,        -3.421786657674e-12,        +2.197175605428e-10,        +1.823932417095e-10
 2.50e+01,        -5.143979082230e-13,        -3.943160828278e-13,        +1.742615004436e-12,        -1.307866796896e-15,        +1.275850057463e-13,        -5.434793032071e-13,        -3.103336053888e-04,        -5.221029644461e-11
 2.60e+01,        -6.209364451671e-14,        +5.496925762320e-15,        -1.117525693288e-13,        +6.897667820490e-15,        -2.094551573921e-14,        -6.006149106613e-14,        +1.986562855365e-05,        -4.820583526576e-08
 2.70e+01,        -1.838505638640e-11,        +2.279555612018e-11,        +4.881574398797e-11,        +1.375936815082e-12,        +2.645391700978e-09,        -6.032152966321e-09,        +8.751286434854e-12,        -2.483509111700e-12
 2.80e+01,        -8.207709092585e-13,        +1.174801303527e-12,        +3.702456442471e-03,        -6.946830387594e-11,        -3.652281956661e-13,        +1.416160876805e-12,        -7.555731060462e-15,        +2.527946396070e-12
 2.90e+01,        +7.900127414726e-13,        +2.359746977062e-10,        -4.252678737633e-09,        +2.174113026252e-13,        -2.769296983988e-08,        -3.318359543591e-04,        -2.038952085423e-13,        +5.807779414479e-14
 3.00e+01,        -1.006400610304e-09,        +1.502580320840e-04,        +4.361301668047e-11,        -5.475191076671e-12,        -5.734840231766e-14,        -1.367078945424e-11,        -2.539908182571e-14,        +4.391655601049e-12
 3.10e+01,        +1.071929081749e-11,        +3.960603159560e-11,        +2.156845415026e-11,        +6.080219103744e-09,        -4.337655831235e-13,        -4.629131476338e-12,        +3.207167441124e-09,        -1.233890285873e-03
 3.20e+01,        -1.407468394900e-10,        -8.608395312912e-11,        -1.171202105229e-11,        -1.724189613350e-03,        -1.044010543602e-13,        -1.671998364411e-12,        -1.221758161584e-13,        +1.200212407102e-08
 3.30e+01,        +3.476974175551e-11,        -2.460996389994e-11,        +2.610672620339e-05,        +4.177983655830e-07,        +2.056935976486e-14,        +7.081511844349e-13,        -6.229494310117e-14,        +1.725640026497e-09
 3.40e+01,        -1.043343051871e-09,        -9.421659726026e-05,        +8.254791214198e-12,        -2.339074758119e-10,        +3.467416638379e-13,        -1.219376178351e-12,        -6.151519265855e-14,        -3.357062726586e-12
 3.50e+01,        +6.292384657075e-04,        +8.857207191053e-10,        -1.879597967604e-11,        -3.798720154701e-11,        +3.644750681705e-13,        -1.481215435454e-12,        -3.384839472173e-14,        +1.222018622041e-10
 3.60e+01,        +6.963406174181e-13,        -3.171262393568e-14,        -1.384421920484e-11,        +2.759384053539e-13,        +5.591899349736e-11,        +1.219704732444e-04,        +4.109480384483e-15,        +1.029334772390e-11
 3.70e+01,        +8.201396986483e-12,        -1.530985139497e-12,        +7.244278942255e-12,        -8.831522953085e-14,        +1.331100282437e-12,        +3.154943478836e-13,        -1.794571714028e-09,        +2.441543981546e-04
