Mode,Frequency_GHz,Frequency_MHz,Im_Frequency_GHz,Q_factor,Error_Backward,Error_Absolute,Dominant_Qubit,Mode_Purity,Dominant_JJ,Dominant_JJ_Participation
1,5.570851514297,5570.851514297,-1.338627746443e-10,20808068296.44,1.717941423681e-19,242.4946532504,Q4,0.9963637219684152,JJ7,9.398632978377e-07
2,5.666259124642,5666.259124642,-4.351727283944e-10,6510356411.29,2.592793712278e-19,365.9837311994,Q3,0.6062547424520284,JJ6,1.201531465173e-08
3,5.681751713662,5681.751713662,8.430018940718e-10,3369951926.334,2.11359681586e-19,298.3430749846,Q3,0.9552994886648662,JJ6,5.277788656365e-08
4,5.821776500398,5821.776500398,1.849373546022e-09,1573986097.325,2.266847161265e-19,319.9750054299,Q4,0.9999999999991738,JJ7,0.9985714254427
5,5.876664594072,5876.664594072,5.582178029675e-10,5263773891.509,1.861898630285e-19,262.8148180974,Q4,0.7284528026389256,JJ7,3.419791833186e-07
6,5.981589543296,5981.589543296,-6.852634809429e-09,436444499.7904,1.6644892740950002e-19,234.9496576724,Q4,0.9995359604506601,JJ7,1.042470660671e-05
7,6.652832452088,6652.832452088,1.861777337291e-08,178668853.6495,1.223307847571e-19,172.6750448511,Q2,0.9999999999862941,JJ3,0.9905223531757
8,6.807000960044,6807.000960044,1.829077516728e-08,186077432.4158,1.367145158212e-19,192.9782858745,Q4,0.9999999997817658,JJ8,0.9985505415273
9,6.832612991191,6832.612991190999,-1.696500705063e-09,2013737150.477,2.269387064876e-19,320.3335235748,Q1,0.9999999999400258,JJ2,0.9936509784584
10,6.890922915515,6890.922915515,-9.118469576238e-09,377855234.2529,2.731732716263e-19,385.5955557432,Q2,0.9999999997189313,JJ4,0.9906574953578
11,6.987460169349,6987.460169349,-4.224623515187e-09,826992055.5322,5.311717860507001e-19,749.7713038428,Q3,0.999999999935647,JJ6,0.9734643204232
12,7.018249314955,7018.249314955,1.68956838248e-08,207693556.1688,2.607704628583e-19,368.0884698267,Q1,0.9999999996428536,JJ1,0.9936397530882
13,7.168394141588,7168.394141588,2.496882387806e-09,1435468922.484,9.1639249677e-19,1293.526529854,Q3,0.9999999999845676,JJ5,0.9734025335503
14,7.761073653743,7761.073653743,-1.497059903892e-09,2592105243.606,6.13286019431e-19,865.6789961124,Q2,0.9977162363873446,JJ4,2.3879714098e-07
15,8.091680255463,8091.680255463,7.363373268573e-12,549454710519.6,3.474672571432e-19,490.4646394077,Q1,0.9636920013800733,JJ1,1.439105185371e-07
16,8.723732611927,8723.732611927,-8.605579500019e-10,5068649131.594,2.79293785525e-19,394.2349185898,Q4,0.6078362861872855,JJ8,4.171944597257e-08
17,8.791548571182,8791.548571182,-1.210540298291e-09,3631249857.437,8.43925407682e-19,1191.236187999,Q1,0.7161750022297603,JJ2,5.042520802045e-08
18,9.193955950172,9193.955950172001,1.169981205516e-10,39291041201.46,7.402044491940001e-19,1044.829695238,Q2,0.537501340893888,JJ3,5.195282059828e-08
19,9.277046159931,9277.046159931,-1.710763665073e-09,2711375729.252,6.029134005758e-19,851.0376089767,Q4,0.9139935077471281,JJ7,2.48177591058e-09
20,9.675939233058,9675.939233058,-5.204742007705e-09,929531110.162,3.465899246453e-18,4892.262479552,Q1,0.9950302526161126,JJ1,1.680687785266e-08
21,9.711981681561,9711.981681561,1.384507931201e-11,350737668694.1,1.807239463107e-18,2550.994471661,Q1,0.4096362679767153,JJ1,3.687388756586e-10
22,9.908285613387,9908.285613387,-8.197448600432e-09,604351798.7331,7.908977086188001e-19,1116.385362129,Q1,0.4673670252277981,JJ2,3.967070381189e-08
23,9.97584816551,9975.84816551,2.247972960909e-09,2218854127.471,1.545647965239e-18,2181.74707631,Q2,0.8827628973956914,JJ4,5.024426959821e-09
24,10.4941939082,10494.193908199999,3.024449236057e-09,1734893378.783,1.072131232816e-18,1513.358303876,Q4,0.795411519220301,JJ7,2.197175605428e-10
25,10.56194950597,10561.94950597,-5.380757550787e-08,98145562.27706,1.4223714530349999e-18,2007.737097675,Q4,0.9999999892899109,JJ7,0.0003103336053888
26,10.61830919196,10618.30919196,6.372722586099e-08,83310618.40916,5.0035087332410006e-17,70626.62907818,Q4,0.9999999865797914,JJ7,1.986562855365e-05
27,10.68604520495,10686.04520495,-5.274129458696e-10,10130624673.36,4.437066252497e-16,626310.5535053,Q3,0.9883137453991891,JJ6,6.032152966321e-09
28,10.76518692908,10765.18692908,-1.442077274693e-09,3732527763.245,9.266360931242e-19,1307.985798215,Q2,0.9999999982950607,JJ3,0.003702456442471
29,10.76986161536,10769.86161536,2.356571043085e-07,22850704.30395,2.2576419151909998e-18,3186.756467227,Q3,0.9999864707625457,JJ6,0.0003318359543591
30,10.77239100396,10772.39100396,-6.463171199308e-08,83336729.53856,1.085000857463e-18,1531.524320223,Q1,0.9999995525502433,JJ2,0.000150258032084
31,10.79959315776,10799.59315776,-7.096065620328e-08,76095640.42662,1.1537502417149999e-18,1628.566966114,Q4,0.9999950099866094,JJ8,0.001233890285873
32,10.80061726084,10800.61726084,-2.590643698851e-07,20845431.70801,9.051657077342e-19,1277.679446709,Q2,0.9999929063680121,JJ4,0.00172418961335
33,10.8011342194,10801.134219399999,-6.070144057556e-08,88969340.0765,8.739567820385e-19,1233.626736167,Q2,0.9999326777557047,JJ3,2.610672620339e-05
34,10.80613061487,10806.13061487,1.345285328241e-08,401629691.0411,5.580635595658e-19,787.730173518,Q1,0.9999973768573177,JJ2,9.421659726026e-05
35,10.80876323758,10808.763237579999,6.37652493112e-08,84754339.97625,3.4222471340800003e-19,483.0645689982,Q1,0.9999997125664027,JJ1,0.0006292384657075
36,10.82350221656,10823.50221656,-1.718086186211e-07,31498717.30369,1.801233615275e-18,2542.516966025,Q3,0.9999997938382079,JJ6,0.0001219704732444
37,10.83205792037,10832.05792037,-2.063200289599e-07,26250621.36473,3.777489916994e-19,533.2085811375,Q4,0.9999999233622983,JJ8,0.0002441543981546
